CustomerID,Recency,Frequency,Monetary,Monetary_log,Frequency_log,Cluster
12346,326,1,77183.6,11.253955234248428,0.6931471805599453,0
12347,2,7,4310.0,8.368925174747135,2.0794415416798357,0
12348,75,4,1797.24,7.494563687769957,1.6094379124341003,0
12349,19,1,1757.55,7.472244884833674,0.6931471805599453,0
12350,310,1,334.4,5.815323849389109,0.6931471805599453,0
12352,36,8,2506.04,7.826858053356098,2.1972245773362196,0
12353,204,1,89.0,4.499809670330265,0.6931471805599453,0
12354,232,1,1079.4,6.985086621918461,0.6931471805599453,0
12355,214,1,459.4,6.132095676847728,0.6931471805599453,0
12356,23,3,2811.43,7.941804157314053,1.3862943611198906,0
12357,33,1,6207.67,8.733701981297274,0.6931471805599453,0
12358,2,2,1168.06,7.063955286074528,1.0986122886681098,0
12359,58,4,6310.03,8.750054175177759,1.6094379124341003,0
12360,52,3,2662.06,7.887231116540211,1.3862943611198906,0
12361,287,1,189.9,5.251749730731702,0.6931471805599453,0
12362,3,10,5226.23,8.56163678004062,2.3978952727983707,0
12363,110,2,552.0,6.315358001522335,1.0986122886681098,0
12364,8,4,1313.1,7.180907299649593,1.6094379124341003,0
12365,291,2,641.38,6.465180028897591,1.0986122886681098,0
12367,4,1,168.9,5.135210028677887,0.6931471805599453,0
12370,51,4,3541.94,8.172712169921061,1.6094379124341003,0
12371,45,2,1887.96,7.543781692052325,1.0986122886681098,0
12372,72,3,1298.04,7.169380809114136,1.3862943611198906,0
12373,311,1,364.6,5.901539839579995,0.6931471805599453,0
12374,25,1,742.9300000000001,6.6119469443852195,0.6931471805599453,0
12375,11,2,457.5,6.127960291696519,1.0986122886681098,0
12377,315,2,1628.12,7.395795270713971,1.0986122886681098,0
12378,130,1,4008.62,8.29645175271804,0.6931471805599453,0
12379,82,2,852.24,6.749040867823617,1.0986122886681098,0
12380,22,4,2724.81,7.910520910634419,1.6094379124341003,0
12381,5,5,1845.31,7.520944331624911,1.791759469228055,0
12383,185,5,1850.56,7.523783805985769,1.791759469228055,0
12384,29,2,585.27,6.373780434317173,1.0986122886681098,0
12386,338,2,401.9,5.998688392197302,1.0986122886681098,0
12388,16,6,2780.66,7.930803150780256,1.9459101490553132,0
12390,80,1,549.84,6.311444385858925,0.6931471805599453,0
12391,22,1,439.66,6.0882736030360425,0.6931471805599453,0
12393,72,4,1582.6000000000001,7.3674560152319755,1.6094379124341003,0
12394,64,2,1272.48,7.149508589545504,1.0986122886681098,0
12395,19,12,3018.63,8.012889586306857,2.5649493574615367,0
12397,36,2,2409.9,7.7877554007552545,1.0986122886681098,0
12398,46,1,1635.6599999999999,7.4004128587924045,0.6931471805599453,0
12399,119,4,1108.65,7.011799929268738,1.6094379124341003,0
12401,303,1,84.3,4.446174454497633,0.6931471805599453,0
12402,323,1,225.6,5.423186348593906,0.6931471805599453,0
12403,50,1,427.7,6.0607573736039315,0.6931471805599453,0
12405,149,1,1710.39,7.445061184797548,0.6931471805599453,0
12406,22,2,3415.3,8.136313373066384,1.0986122886681098,0
12407,50,5,1708.1200000000001,7.4437338971514055,1.791759469228055,0
12408,33,5,2888.55,7.968856059639959,1.791759469228055,0
12409,79,3,11072.67,9.312325497408466,1.3862943611198906,0
12410,309,2,693.3299999999999,6.542947351813216,1.0986122886681098,0
12412,75,3,1226.88,7.1130443840624835,1.3862943611198906,0
12413,67,3,758.1,6.632133521022722,1.3862943611198906,0
12414,217,3,562.41,6.334007604663525,1.3862943611198906,0
12415,24,21,124914.53,11.735393027855736,3.091042453358316,1
12417,3,9,3649.1,8.202509843461513,2.302585092994046,0
12418,113,1,668.58,6.506650650150935,0.6931471805599453,0
12420,64,1,600.39,6.3992436425478765,0.6931471805599453,0
12421,16,4,807.04,6.694611562246261,1.6094379124341003,0
12422,96,3,803.5600000000001,6.690295544136225,1.3862943611198906,0
12423,1,8,1859.31,7.528498419486568,2.1972245773362196,0
12424,163,2,1760.96,7.474182104762846,1.0986122886681098,0
12425,78,1,777.2,6.6569835605504535,0.6931471805599453,0
12426,195,1,582.73,6.369438547154207,0.6931471805599453,0
12427,22,3,825.8,6.717562827807613,1.3862943611198906,0
12428,26,9,7956.46,8.981865132439246,2.302585092994046,0
12429,9,4,3750.4,8.22988438262624,1.6094379124341003,0
12430,43,1,256.4,5.5506312951620265,0.6931471805599453,0
12431,36,15,6419.95,8.767321360814657,2.772588722239781,0
12432,43,5,5059.32,8.529185001388596,1.791759469228055,0
12433,1,7,13375.87,9.50128237507538,2.0794415416798357,0
12434,85,2,806.14,6.6934971352559,1.0986122886681098,0
12435,80,2,7829.89,8.965831447914955,1.0986122886681098,0
12436,100,1,509.01,6.234430333369278,0.6931471805599453,0
12437,2,18,4951.41,8.507629605767502,2.9444389791664403,0
12438,14,2,2906.85,7.9751692554798295,1.0986122886681098,0
12441,367,1,173.55,5.162211233551045,0.6931471805599453,0
12442,3,1,172.06,5.153638355178593,0.6931471805599453,0
12444,21,5,5005.46,8.518484357502437,1.791759469228055,0
12445,22,1,133.4,4.900820428089049,0.6931471805599453,0
12446,58,1,1002.3100000000001,6.9110598129904375,0.6931471805599453,0
12447,243,1,476.49,6.168543217293113,0.6931471805599453,0
12448,44,1,449.45,6.110247083097449,0.6931471805599453,0
12449,22,4,4067.29,8.310978042729836,1.6094379124341003,0
12450,156,2,197.88,5.292701627762401,1.0986122886681098,0
12451,11,5,9035.52,9.109029423519523,1.791759469228055,0
12452,17,2,430.57,6.067429722163682,1.0986122886681098,0
12453,134,1,707.09,6.562571204258897,0.6931471805599453,0
12454,56,1,3528.34,8.168866163607964,0.6931471805599453,0
12455,73,6,2466.86,7.81110665732229,1.9459101490553132,0
12456,44,3,3181.04,8.065277779528966,1.3862943611198906,0
12457,66,7,2363.23,7.768207666517555,2.0794415416798357,0
12458,71,2,947.4,6.854776354191251,1.0986122886681098,0
12461,94,2,826.88,6.718868216346018,1.0986122886681098,0
12462,19,2,1189.59,7.082204261557526,1.0986122886681098,0
12463,53,4,1344.78,7.204729049594601,1.6094379124341003,0
12464,10,8,1212.05,7.100893128209941,2.1972245773362196,0
12465,17,2,742.1899999999999,6.610951732080795,1.0986122886681098,0
12468,188,2,729.5400000000001,6.593783986707386,1.0986122886681098,0
12471,2,30,19788.65,9.89291435274037,3.4339872044851463,0
12472,32,7,6572.11,8.790742363252102,2.0794415416798357,0
12473,29,5,3928.0499999999997,8.276152945361936,1.791759469228055,0
12474,17,18,7324.09,8.899060720499207,2.9444389791664403,0
12475,54,1,723.38,6.585316116572351,0.6931471805599453,0
12476,16,11,6816.42,8.82723638014411,2.4849066497880004,0
12477,23,6,13219.74,9.489542087633343,1.9459101490553132,0
12478,4,1,680.99,6.525014994979364,0.6931471805599453,0
12479,11,1,527.2,6.269474999863032,0.6931471805599453,0
12480,28,4,3281.63,8.096400209353131,1.6094379124341003,0
12481,23,10,5579.82,8.62709099798378,2.3978952727983707,0
12483,17,8,2484.98,7.818422226986002,2.1972245773362196,0
12484,33,6,4527.32,8.418106288764006,1.9459101490553132,0
12488,10,3,1298.66,7.169857970780942,1.3862943611198906,0
12489,336,1,334.93,5.816902804925467,0.6931471805599453,0
12490,5,10,5417.93,8.597653657970227,2.3978952727983707,0
12491,39,1,460.40000000000003,6.134265345739653,0.6931471805599453,0
12492,63,2,263.21000000000004,5.5767442414854775,1.0986122886681098,0
12493,166,2,433.74,6.0747481512447195,1.0986122886681098,0
12494,16,7,1246.1000000000001,7.128576134926702,2.0794415416798357,0
12497,82,1,1043.1,6.950910549296065,0.6931471805599453,0
12498,21,3,403.70000000000005,6.00314605188182,1.3862943611198906,0
12500,23,11,4257.82,8.356747405587967,2.4849066497880004,0
12501,337,1,2169.39,7.682662153888476,0.6931471805599453,0
12502,96,5,3723.87,8.222787230875806,1.791759469228055,0
12504,18,2,482.04999999999995,6.180120167963518,1.0986122886681098,0
12506,233,1,73.5,4.310799125385514,0.6931471805599453,0
12507,134,3,1304.81,7.174578816863813,1.3862943611198906,0
12508,26,2,397.88,5.988660619775247,1.0986122886681098,0
12509,284,1,176.5,5.178970608915471,0.6931471805599453,0
12510,143,2,982.5699999999999,6.8911888096735625,1.0986122886681098,0
12512,66,2,132.18,4.891701596682476,1.0986122886681098,0
12513,113,1,612.29,6.418837907265026,0.6931471805599453,0
12514,267,1,1017.68,6.926262950537876,0.6931471805599453,0
12515,353,1,383.7,5.95246380975825,0.6931471805599453,0
12516,78,2,1312.06,7.180115570136106,1.0986122886681098,0
12517,28,5,2481.6,7.817061677081847,1.791759469228055,0
12518,1,5,2056.89,7.629436465014086,1.791759469228055,0
12519,64,1,330.84,5.804652925041163,0.6931471805599453,0
12520,79,5,2634.26,7.876737127834484,1.791759469228055,0
12521,143,1,599.68,6.39806234681208,0.6931471805599453,0
12522,39,2,192.72,5.266413817535028,1.0986122886681098,0
12523,19,11,1789.77,7.490400973937009,2.4849066497880004,0
12524,9,8,4485.72,8.408877201532766,2.1972245773362196,0
12526,1,3,1316.66,7.183612715167257,1.3862943611198906,0
12527,82,3,348.71000000000004,5.857104239599851,1.3862943611198906,0
12528,9,6,1933.48,7.567593835498341,1.9459101490553132,0
12530,60,4,1662.28,7.416546835435133,1.6094379124341003,0
12531,15,1,125.22,4.838026416156094,0.6931471805599453,0
12532,30,1,349.83000000000004,5.860301775655642,0.6931471805599453,0
12534,131,1,1089.18,6.9940980992041535,0.6931471805599453,0
12535,92,2,716.35,6.575563866544399,1.0986122886681098,0
12536,43,3,12601.830000000002,9.441676670894656,1.3862943611198906,0
12538,29,1,363.95,5.899760357897641,0.6931471805599453,0
12539,22,4,5568.35,8.625033629522884,1.6094379124341003,0
12540,20,17,13400.24,9.503102518971122,2.8903717578961645,0
12541,30,3,981.18,6.889774590946187,1.3862943611198906,0
12544,36,1,372.7,5.923453336491439,0.6931471805599453,0
12545,75,2,1000.39,6.9091443138264115,1.0986122886681098,0
12546,47,2,1161.5,7.058328137461511,1.0986122886681098,0
12547,198,2,207.79999999999998,5.341376856008484,1.0986122886681098,0
12548,166,1,95.19999999999999,4.566429357671661,0.6931471805599453,0
12550,79,1,964.83,6.872987835288763,0.6931471805599453,0
12551,358,1,168.0,5.1298987149230735,0.6931471805599453,0
12552,39,2,437.82,6.084089306213804,1.0986122886681098,0
12553,8,10,3692.28,8.214270231095687,2.3978952727983707,0
12556,50,2,599.56,6.397862553264747,1.0986122886681098,0
12557,16,5,11990.960000000001,9.391991704219834,1.791759469228055,0
12558,8,1,269.96,5.601971208509516,0.6931471805599453,0
12559,311,2,561.71,6.33276439774036,1.0986122886681098,0
12560,5,3,2134.01,7.666226609492505,1.3862943611198906,0
12561,303,1,238.85,5.480013727948073,0.6931471805599453,0
12562,8,7,3781.7400000000002,8.23820389374878,2.0794415416798357,0
12564,261,1,456.9,6.12665081966305,0.6931471805599453,0
12565,289,1,145.92,4.989888220951467,0.6931471805599453,0
12566,86,1,351.65,5.865476063654188,0.6931471805599453,0
12567,23,10,9401.28,9.148707492038316,2.3978952727983707,0
12569,2,32,4124.69,8.324988557507531,3.4965075614664802,0
12571,40,2,519.61,6.255001200981438,1.0986122886681098,0
12572,9,2,1020.42,6.928949094989139,1.0986122886681098,0
12573,227,1,160.54000000000002,5.08475279001415,0.6931471805599453,0
12574,316,1,218.45,5.391124416134243,0.6931471805599453,0
12576,36,5,1315.83,7.182982612166326,1.791759469228055,0
12577,35,3,626.6,6.441903020858877,1.3862943611198906,0
12578,21,2,2794.51,7.935769837637909,1.0986122886681098,0
12579,78,1,440.42,6.0899968031722285,0.6931471805599453,0
12580,247,1,415.7,6.032366538428407,0.6931471805599453,0
12581,40,1,197.71,5.291846475417725,0.6931471805599453,0
12582,239,2,511.36,6.239027502962935,1.0986122886681098,0
12583,3,15,7281.38,8.89321301083995,2.772588722239781,0
12584,4,9,2338.15,7.757542894498013,2.302585092994046,0
12585,234,2,2040.1,7.621244157199997,1.0986122886681098,0
12586,17,1,196.94000000000003,5.2879639544685455,0.6931471805599453,0
12587,8,1,144.0,4.976733742420574,0.6931471805599453,0
12588,39,1,214.89999999999998,5.3748153375207615,0.6931471805599453,0
12589,29,2,646.68,6.473396747218991,1.0986122886681098,0
12590,211,2,9864.26,9.196774773912752,1.0986122886681098,0
12591,317,1,452.84999999999997,6.117766746972636,0.6931471805599453,0
12592,92,2,437.6,6.083587835983788,1.0986122886681098,0
12593,109,3,418.09999999999997,6.038109554931026,1.3862943611198906,0
12594,38,10,3338.2200000000003,8.113492525763553,2.3978952727983707,0
12596,51,2,618.27,6.428541364981557,1.0986122886681098,0
12597,19,4,3811.22,8.245966975595675,1.6094379124341003,0
12598,10,8,3023.08,8.01436219197595,2.1972245773362196,0
12599,29,7,1032.58,6.940783782995926,2.0794415416798357,0
12600,29,10,2599.04,7.863282108506616,2.3978952727983707,0
12601,190,5,577.0600000000001,6.359677669513258,1.791759469228055,0
12602,59,1,153.12,5.037731519757957,0.6931471805599453,0
12603,22,1,739.1999999999999,6.606920419952056,0.6931471805599453,0
12604,79,2,254.18,5.541969178493598,1.0986122886681098,0
12607,60,1,1579.51,7.3655028587473295,0.6931471805599453,0
12609,78,3,1126.85,7.0280684444921455,1.3862943611198906,0
12610,23,5,2099.54,7.6499497335130995,1.791759469228055,0
12611,52,1,1193.32,7.085332264745334,0.6931471805599453,0
12612,74,1,704.0400000000001,6.558254538791405,0.6931471805599453,0
12613,57,5,3344.38,8.115335568501695,1.791759469228055,0
12614,278,1,315.6,5.757639147446912,0.6931471805599453,0
12615,2,4,2291.19,7.73726297143202,1.6094379124341003,0
12616,95,2,713.3,6.571303042160927,1.0986122886681098,0
12617,29,1,352.98,5.869240414362608,0.6931471805599453,0
12618,22,1,177.31,5.183523608545955,0.6931471805599453,0
12619,16,9,3641.24,8.200354155974704,2.302585092994046,0
12620,15,3,1339.41,7.20073081629489,1.3862943611198906,0
12621,2,20,13689.67,9.524469857917655,3.044522437723423,0
12622,232,1,180.1,5.199049364889368,0.6931471805599453,0
12623,276,1,305.1,5.723911845951367,0.6931471805599453,0
12624,106,2,641.13,6.464790775403018,1.0986122886681098,0
12625,212,2,2683.82,7.895368965589599,1.0986122886681098,0
12626,23,9,6620.48,8.798074188898816,2.302585092994046,0
12627,11,7,4478.53,8.407273409191232,2.0794415416798357,0
12628,4,3,786.46,6.668812575758953,1.3862943611198906,0
12630,10,2,1270.88,7.1482513998271635,1.0986122886681098,0
12631,57,1,640.5,6.463809184055691,0.6931471805599453,0
12633,59,4,2163.98,7.6801664025186325,1.6094379124341003,0
12635,90,2,1689.18,7.432590311121191,1.0986122886681098,0
12637,67,8,6002.9,8.70016453705169,2.1972245773362196,0
12638,33,1,671.69,6.511284599453549,0.6931471805599453,0
12639,239,1,486.1,6.188469440812497,0.6931471805599453,0
12640,24,3,1174.58,7.06951692181073,1.3862943611198906,0
12641,115,1,185.9,5.230573714461517,0.6931471805599453,0
12642,25,3,1013.26,6.9219145615400475,1.3862943611198906,0
12643,128,6,3344.64,8.11541328460481,1.9459101490553132,0
12644,130,1,477.91,6.171512688316606,0.6931471805599453,0
12645,34,4,1775.18,7.482220269767765,1.6094379124341003,0
12646,5,2,1346.97,7.206355036031724,1.0986122886681098,0
12647,22,12,3722.82,8.222505302105255,2.5649493574615367,0
12648,155,1,318.05,5.765347830314356,0.6931471805599453,0
12649,107,3,623.51,6.4369673422476765,1.3862943611198906,0
12650,3,1,314.44,5.753968489569372,0.6931471805599453,0
12651,335,1,114.0,4.74493212836325,0.6931471805599453,0
12652,331,1,919.98,6.82543832049292,0.6931471805599453,0
12653,149,2,2209.85,7.701132335950876,1.0986122886681098,0
12654,11,5,601.98,6.401884028681278,1.791759469228055,0
12656,17,5,4051.17,8.30700781907883,1.791759469228055,0
12657,11,4,1643.18,7.4049970586737315,1.6094379124341003,0
12658,19,1,686.05,6.532407069777784,0.6931471805599453,0
12659,30,1,91.68,4.529152699564175,0.6931471805599453,0
12660,11,1,245.1,5.50573795739701,0.6931471805599453,0
12662,1,11,3849.78,8.256031004164345,2.4849066497880004,0
12664,8,9,4881.88,8.49349048870337,2.302585092994046,0
12665,325,1,63.0,4.1588830833596715,0.6931471805599453,0
12667,58,1,620.13,6.431540399799522,0.6931471805599453,0
12668,12,4,3807.15,8.244898785891763,1.6094379124341003,0
12669,151,3,2744.0299999999997,7.917547282845659,1.3862943611198906,0
12670,10,5,2996.05,8.005383750527514,1.791759469228055,0
12672,330,1,225.89999999999998,5.424509391785796,0.6931471805599453,0
12673,5,2,610.52,6.415947661051908,1.0986122886681098,0
12674,39,4,1970.6,7.586600674831223,1.6094379124341003,0
12676,25,6,1331.39,7.194729601037682,1.9459101490553132,0
12678,42,12,17628.46,9.777326645314199,2.5649493574615367,0
12679,59,4,1113.02,7.015730373647435,1.6094379124341003,0
12680,1,4,862.81,6.761352837213469,1.6094379124341003,0
12681,15,22,13787.54,9.531593091360708,3.1354942159291497,0
12682,4,31,12279.82,9.415793974716065,3.4657359027997265,0
12683,4,15,8476.57,9.045179131116987,2.772588722239781,0
12684,8,7,2283.63,7.733959364615189,2.0794415416798357,0
12685,28,6,2863.08,7.960002460651312,1.9459101490553132,0
12686,372,1,89.14,4.501364017262502,0.6931471805599453,0
12688,114,1,4873.8099999999995,8.491836408313453,0.6931471805599453,0
12689,26,2,1247.61,7.1297862115656185,1.0986122886681098,0
12690,206,1,389.01,5.966172379820607,0.6931471805599453,0
12691,28,6,1035.8,6.94389432559801,1.9459101490553132,0
12693,127,4,855.91,6.753332895580138,1.6094379124341003,0
12694,70,2,869.67,6.769263030204804,1.0986122886681098,0
12695,7,4,582.1,6.368358698228111,1.6094379124341003,0
12697,29,3,957.59,6.865463454791294,1.3862943611198906,0
12700,8,4,4939.99,8.505320994961897,1.6094379124341003,0
12701,80,2,797.71,6.682997926190526,1.0986122886681098,0
12702,20,1,219.0,5.393627546352362,0.6931471805599453,0
12703,71,1,283.55,5.650908985049133,0.6931471805599453,0
12704,7,8,2340.84,7.758692224146705,2.1972245773362196,0
12705,15,9,6868.29,8.834816031986259,2.302585092994046,0
12707,292,1,603.42,6.404269320519532,0.6931471805599453,0
12708,30,10,2712.91,7.906145678459555,2.3978952727983707,0
12709,15,15,9706.52,9.180656121866383,2.772588722239781,0
12710,97,3,1149.02,7.047534612510416,1.3862943611198906,0
12712,29,13,4396.13,8.388707334356674,2.6390573296152584,0
12713,1,1,848.55,6.744706797531768,0.6931471805599453,0
12714,9,5,4708.86,8.45741346257719,1.791759469228055,0
12715,106,1,343.36,5.841687621789754,0.6931471805599453,0
12716,4,2,1053.49,6.960812516706486,1.0986122886681098,0
12717,151,2,1030.98,6.939234566008755,1.0986122886681098,0
12718,71,1,238.25,5.477509030333064,0.6931471805599453,0
12719,5,2,644.95,6.47072210140631,1.0986122886681098,0
12720,3,25,5781.73,8.662631168498326,3.258096538021482,0
12721,32,6,2656.13,7.885001871924596,1.9459101490553132,0
12722,85,4,997.63,6.906384339674138,1.6094379124341003,0
12723,4,5,725.07,6.587646428909591,1.791759469228055,0
12724,5,4,1031.41,6.9396511539657,1.6094379124341003,0
12725,371,1,427.8,6.060990609756592,0.6931471805599453,0
12726,28,7,2609.1,7.867143813759015,2.0794415416798357,0
12727,11,7,3980.7,8.2894641427604,2.0794415416798357,0
12728,71,4,836.33,6.7302182580203365,1.6094379124341003,0
12729,114,1,453.01,6.118119224230488,0.6931471805599453,0
12731,24,12,18895.91,9.846753695617958,2.5649493574615367,0
12732,180,1,236.26000000000002,5.469156586232957,0.6931471805599453,0
12733,234,1,383.95,5.953113455724059,0.6931471805599453,0
12734,353,1,110.39999999999999,4.713127327493184,0.6931471805599453,0
12735,315,2,779.5699999999999,6.660024422032584,1.0986122886681098,0
12736,333,1,234.0,5.459585514144159,0.6931471805599453,0
12738,372,1,155.35,5.05209708390385,0.6931471805599453,0
12739,78,2,1013.04,6.921697631104842,1.0986122886681098,0
12740,64,1,427.6,6.060524083039477,0.6931471805599453,0
12743,134,2,540.13,6.293659545728696,1.0986122886681098,0
12744,52,7,21279.29,9.965536571182271,2.0794415416798357,0
12747,2,11,4196.01,8.342127645985029,2.4849066497880004,0
12748,1,209,33053.19,10.405903614853912,5.3471075307174685,1
12749,4,5,4090.88,8.316759801128319,1.791759469228055,0
12750,129,1,275.88,5.623584199327089,0.6931471805599453,0
12752,81,1,4366.78,8.38201014985595,0.6931471805599453,0
12753,23,6,21429.39,9.972565287088774,1.9459101490553132,0
12754,236,3,3010.74,8.010273263812737,1.3862943611198906,0
12755,281,2,3811.95,8.246158446737232,1.0986122886681098,0
12756,87,1,112.07999999999998,4.72809553282539,0.6931471805599453,0
12757,16,13,7834.650000000001,8.966439112421154,2.6390573296152584,0
12758,117,2,2791.59,7.934724759609325,1.0986122886681098,0
12759,52,3,1531.44,7.334616515331031,1.3862943611198906,0
12762,8,2,1898.52,7.549356501658852,1.0986122886681098,0
12763,138,2,494.08,6.204719365671822,1.0986122886681098,0
12764,317,1,1693.88,7.435367220848186,0.6931471805599453,0
12766,4,7,6989.63,8.852325959921869,2.0794415416798357,0
12769,239,1,1143.6,7.042810509975002,0.6931471805599453,0
12770,211,1,1351.45,7.209673041460572,0.6931471805599453,0
12772,60,1,892.47,6.795112758210396,0.6931471805599453,0
12775,17,5,1386.04,7.23492725912033,1.791759469228055,0
12778,20,6,822.23,6.713235627004493,1.9459101490553132,0
12779,38,8,3981.36,8.289629887368429,2.1972245773362196,0
12781,64,2,826.74,6.718699095412067,1.0986122886681098,0
12782,5,5,2330.92,7.754447241564618,1.791759469228055,0
12783,2,6,2225.91,7.708370253328926,1.9459101490553132,0
12784,9,2,532.8199999999999,6.280058703484731,1.0986122886681098,0
12785,364,1,311.95,5.74604343337071,0.6931471805599453,0
12787,10,3,463.66,6.141305955347142,1.3862943611198906,0
12789,65,1,91.85,4.530985287798715,0.6931471805599453,0
12790,192,1,324.92,5.786651952478496,0.6931471805599453,0
12791,374,1,192.60000000000002,5.265794174842477,0.6931471805599453,0
12792,257,1,400.53999999999996,5.995307154825432,0.6931471805599453,0
12793,335,2,545.48,6.303497710423594,1.0986122886681098,0
12794,53,2,860.41,6.758570581561217,1.0986122886681098,0
12795,19,1,430.48,6.067221159507229,0.6931471805599453,0
12797,366,1,254.03,5.541381185297377,0.6931471805599453,0
12798,10,3,6977.04,8.85052335403181,1.3862943611198906,0
12802,187,1,427.58,6.060477418394936,0.6931471805599453,0
12808,37,3,483.65000000000003,6.183426980938617,1.3862943611198906,0
12809,178,1,489.31,6.1950378441253156,0.6931471805599453,0
12811,261,3,514.85,6.245816025546385,1.3862943611198906,0
12812,45,1,229.64000000000001,5.440858053330147,0.6931471805599453,0
12814,102,1,125.92,4.843556966714995,0.6931471805599453,0
12815,148,2,1063.46,6.970222907300612,1.0986122886681098,0
12816,96,2,572.2,6.351234695954017,1.0986122886681098,0
12817,281,1,166.04,5.118233304694274,0.6931471805599453,0
12818,262,1,1542.08,7.341535698070348,0.6931471805599453,0
12820,3,4,942.34,6.849426769082011,1.6094379124341003,0
12821,214,1,92.72,4.540311613639595,0.6931471805599453,0
12822,71,2,948.88,6.856335660826602,1.0986122886681098,0
12823,75,5,1759.5,7.473353138595107,1.791759469228055,0
12824,60,1,397.12,5.986753467377863,0.6931471805599453,0
12826,3,7,1474.72,7.296901285267718,2.0794415416798357,0
12827,6,3,430.15000000000003,6.066456057398334,1.3862943611198906,0
12828,3,6,1018.71,6.927273552128017,1.9459101490553132,0
12829,337,2,293.0,5.683579767338681,1.0986122886681098,0
12830,38,6,6814.64,8.826975250212882,1.9459101490553132,0
12831,262,1,215.05,5.3755098623779425,0.6931471805599453,0
12832,32,2,383.03,5.950720674536128,1.0986122886681098,0
12833,145,1,417.38,6.0363901104609745,0.6931471805599453,0
12834,283,1,312.38,5.7474165116762626,0.6931471805599453,0
12836,59,4,2610.36,7.867626437402386,1.6094379124341003,0
12837,173,1,134.1,4.906015244966153,0.6931471805599453,0
12838,34,2,671.95,6.5116710326797245,1.0986122886681098,0
12839,3,14,5591.42,8.629167388389371,2.70805020110221,0
12840,144,4,2726.77,7.911239704558553,1.6094379124341003,0
12841,5,25,3991.58,8.292192917458863,3.258096538021482,0
12842,70,2,1118.99,7.0210750356778515,1.0986122886681098,0
12843,66,8,1702.26,7.440299340765267,2.1972245773362196,0
12844,29,2,325.96000000000004,5.789837839256022,1.0986122886681098,0
12845,267,4,354.09,5.8723712784711255,1.6094379124341003,0
12847,22,1,843.64,6.738910501075306,0.6931471805599453,0
12849,31,2,1010.29,6.918982022596603,1.0986122886681098,0
12851,97,1,131.81,4.8889195354121595,0.6931471805599453,0
12852,295,1,311.55,5.744764456377822,0.6931471805599453,0
12853,135,6,1957.1000000000001,7.579729894309281,1.9459101490553132,0
12854,79,3,1316.25,7.183301509089395,1.3862943611198906,0
12855,373,1,38.1,3.66612246699132,0.6931471805599453,0
12856,8,6,2170.78,7.683302386789297,1.9459101490553132,0
12857,211,2,1106.4,7.009770204388867,1.0986122886681098,0
12863,52,1,521.2,6.258050656265029,0.6931471805599453,0
12864,138,1,147.12,4.998022756045412,0.6931471805599453,0
12865,26,2,1568.23,7.358340332174572,1.0986122886681098,0
12866,283,1,559.12,6.3281510464875765,0.6931471805599453,0
12867,26,7,4009.34,8.296631304736238,2.0794415416798357,0
12868,186,6,1607.0600000000002,7.3827837624756185,1.9459101490553132,0
12871,84,2,380.64,5.9444777558836455,1.0986122886681098,0
12872,327,2,599.97,6.398545016483998,1.0986122886681098,0
12873,282,1,374.0,5.926926025970411,0.6931471805599453,0
12875,143,2,343.2300000000001,5.841310038608051,1.0986122886681098,0
12876,58,2,2218.02,7.704820935960926,1.0986122886681098,0
12877,4,12,1535.77,7.337438090181038,2.5649493574615367,0
12878,236,2,854.99,6.752258693830513,1.0986122886681098,0
12879,45,3,573.22,6.353012598149689,1.3862943611198906,0
12881,276,1,298.0,5.700443573390687,0.6931471805599453,0
12882,9,2,1463.04,7.288955016552379,1.0986122886681098,0
12883,25,4,703.47,6.5574457470395595,1.6094379124341003,0
12884,88,1,309.05,5.736733574795887,0.6931471805599453,0
12885,63,3,1175.22,7.0700611857921905,1.3862943611198906,0
12886,68,2,1378.4,7.229403900997191,1.0986122886681098,0
12888,214,2,354.12,5.87245576052578,1.0986122886681098,0
12890,24,1,376.71999999999997,5.934153180394868,0.6931471805599453,0
12891,186,3,331.0,5.805134968916488,1.3862943611198906,0
12893,31,1,176.55,5.179252259389097,0.6931471805599453,0
12895,42,2,372.8,5.923720895021463,1.0986122886681098,0
12897,205,2,216.5,5.382198850528739,1.0986122886681098,0
12901,9,28,17654.54,9.778804894130932,3.367295829986474,0
12902,265,1,138.68,4.939354092091292,0.6931471805599453,0
12904,18,2,496.06,6.208710743156108,1.0986122886681098,0
12906,12,5,2919.81,7.979616254055095,1.791759469228055,0
12908,176,2,750.0,6.621405651764134,1.0986122886681098,0
12909,40,5,2178.67,7.686928768177821,1.791759469228055,0
12910,23,8,3075.04,8.031398334442155,2.1972245773362196,0
12912,3,5,1662.3,7.416558859796489,1.791759469228055,0
12913,5,5,2483.63,7.817879034084852,1.791759469228055,0
12915,149,2,363.65,5.898937989430242,1.0986122886681098,0
12916,139,4,2944.95,7.988186624712898,1.6094379124341003,0
12917,128,1,594.0,6.38856140554563,0.6931471805599453,0
12919,8,6,1335.19,7.197577559553778,1.9459101490553132,0
12920,17,1,162.78,5.098524063842042,0.6931471805599453,0
12921,9,37,16587.09,9.716440246960428,3.6375861597263857,0
12922,161,1,405.38,6.007288682454868,0.6931471805599453,0
12923,64,1,172.82,5.158020281009314,0.6931471805599453,0
12924,88,4,933.7,6.840225622188537,1.6094379124341003,0
12925,5,2,694.05,6.5439837854231016,1.0986122886681098,0
12928,35,5,2062.7000000000003,7.632255767200078,1.791759469228055,0
12929,312,1,117.85,4.777862193806203,0.6931471805599453,0
12930,78,2,415.8,6.032606490439157,1.0986122886681098,0
12931,22,15,42055.96,10.646780168946005,2.772588722239781,0
12933,24,3,607.53,6.411046212773516,1.3862943611198906,0
12935,2,7,2160.7,7.678650228164007,2.0794415416798357,0
12936,17,4,1063.9,6.970636177021338,1.6094379124341003,0
12937,15,4,1504.27,7.316727563085719,1.6094379124341003,0
12938,26,1,114.14,4.7461487792476635,0.6931471805599453,0
12939,64,8,11581.8,9.357276518099342,2.1972245773362196,0
12940,55,2,899.69,6.803161136252212,1.0986122886681098,0
12942,131,3,675.6,6.517080256346608,1.3862943611198906,0
12944,36,2,604.51,6.406071078133402,1.0986122886681098,0
12945,288,1,462.95,6.139776787799188,0.6931471805599453,0
12947,144,6,1603.99,7.380872805015112,1.9459101490553132,0
12948,16,7,2064.95,7.63334544803145,2.0794415416798357,0
12949,31,8,4167.22,8.335244365149629,2.1972245773362196,0
12950,2,3,1843.0,7.519692404116539,1.3862943611198906,0
12951,9,6,1064.07,6.970795803683085,1.9459101490553132,0
12952,6,4,1387.79,7.236188143419333,1.6094379124341003,0
12953,10,1,329.85,5.801665100458068,0.6931471805599453,0
12955,1,11,4757.16,8.46761631787212,2.4849066497880004,0
12956,306,1,108.07,4.691989877940651,0.6931471805599453,0
12957,10,8,4017.54,8.298673931566155,2.1972245773362196,0
12962,7,2,266.39,5.588708266810736,1.0986122886681098,0
12963,8,8,1856.63,7.527056760684021,2.1972245773362196,0
12965,89,1,769.8100000000001,6.647441909990047,0.6931471805599453,0
12966,10,1,160.18,5.0825217528963655,0.6931471805599453,0
12967,358,2,1660.9,7.415716805133478,1.0986122886681098,0
12968,112,1,135.95,4.919615895709087,0.6931471805599453,0
12970,7,4,405.47,6.00751012552645,1.6094379124341003,0
12971,4,86,11189.91,9.322857120608939,4.465908118654584,1
12974,198,1,144.8,4.982235819574558,0.6931471805599453,0
12976,212,1,738.6,6.60610949951297,0.6931471805599453,0
12977,156,1,39.239999999999995,3.6948615257914836,0.6931471805599453,0
12980,158,9,7374.900000000001,8.905973207660795,2.302585092994046,0
12981,30,2,372.21999999999997,5.922168058105325,1.0986122886681098,0
12982,243,1,390.54,5.970087681348397,0.6931471805599453,0
12984,19,1,97.5,4.590056548178043,0.6931471805599453,0
12985,1,2,1239.38,7.123173063265281,1.0986122886681098,0
12987,74,2,558.7,6.327400925897314,1.0986122886681098,0
12988,292,1,505.82,6.228155910967461,0.6931471805599453,0
12989,3,15,6924.110000000001,8.842909215405916,2.772588722239781,0
12990,31,3,409.5,6.017375928892483,1.3862943611198906,0
12991,23,2,503.76,6.22408306878471,1.0986122886681098,0
12993,23,4,414.76,6.030108170700187,1.6094379124341003,0
12994,4,3,974.4200000000001,6.882868147474188,1.3862943611198906,0
12995,85,1,211.32,5.358094570583897,0.6931471805599453,0
12997,22,4,1226.89,7.113052528147638,1.6094379124341003,0
12999,196,3,455.88,6.124420774356607,1.3862943611198906,0
13000,107,3,534.85,6.283854271159006,1.3862943611198906,0
13001,4,13,9785.970000000001,9.18880718813043,2.6390573296152584,0
13002,318,1,120.94999999999999,4.803611124661929,0.6931471805599453,0
13003,106,3,149.05,5.010968571886377,1.3862943611198906,0
13004,12,18,5655.91,8.640633085723934,2.9444389791664403,0
13005,174,2,513.7,6.243584206658709,1.0986122886681098,0
13006,56,1,81.57,4.413646418429337,0.6931471805599453,0
13008,323,1,229.46999999999997,5.440120702122399,0.6931471805599453,0
13011,372,1,50.550000000000004,3.942552210462969,0.6931471805599453,0
13012,9,8,1646.8400000000001,7.407220618377492,2.1972245773362196,0
13013,1,13,4810.9400000000005,8.478855608188903,2.6390573296152584,0
13014,11,10,3466.2799999999997,8.151125703889235,2.3978952727983707,0
13015,53,5,3339.64,8.113917684381065,1.791759469228055,0
13016,73,3,789.89,6.673158893621945,1.3862943611198906,0
13017,7,1,204.0,5.3230099791384085,0.6931471805599453,0
13018,16,28,7277.7,8.892707553816384,3.367295829986474,0
13021,4,9,2616.38,7.869929096421559,2.302585092994046,0
13023,64,2,689.9,6.537995095494749,1.0986122886681098,0
13026,1,5,975.36,6.883831370862763,1.791759469228055,0
13027,114,6,6912.0,8.841158975945264,1.9459101490553132,0
13028,23,2,661.3199999999999,6.49574882283055,1.0986122886681098,0
13029,31,3,1247.5,7.129698109719828,1.3862943611198906,0
13030,11,2,752.4399999999999,6.6246493864952445,1.0986122886681098,0
13032,52,2,1010.18,6.918873244715984,1.0986122886681098,0
13033,357,1,190.55,5.255148871146658,0.6931471805599453,0
13034,55,2,642.77,6.467341519456512,1.0986122886681098,0
13035,74,2,921.88,6.827499215216475,1.0986122886681098,0
13037,138,3,881.07,6.782271417936915,1.3862943611198906,0
13038,80,3,908.46,6.812851016782114,1.3862943611198906,0
13040,9,2,676.99,6.519132538569087,1.0986122886681098,0
13043,273,1,516.42,6.248854923817375,0.6931471805599453,0
13044,291,1,560.47,6.330558344434147,0.6931471805599453,0
13045,99,1,305.28000000000003,5.724499716244923,0.6931471805599453,0
13046,31,2,629.31,6.446211761854101,1.0986122886681098,0
13047,32,10,3237.54,8.082877889943946,2.3978952727983707,0
13048,14,4,1819.41,7.506817029425575,1.6094379124341003,0
13049,64,2,656.6800000000001,6.488718490843878,1.0986122886681098,0
13050,15,17,5836.86,8.672119570311168,2.8903717578961645,0
13052,212,1,348.15000000000003,5.8555016292920445,0.6931471805599453,0
13055,78,3,1214.41,7.102836747411359,1.3862943611198906,0
13058,25,3,271.40000000000003,5.607271574275358,1.3862943611198906,0
13059,250,1,183.4,5.2171073111224935,0.6931471805599453,0
13060,254,1,307.53,5.731819083350057,0.6931471805599453,0
13061,72,1,248.61,5.519899699795292,0.6931471805599453,0
13062,191,1,346.98,5.85214500685857,0.6931471805599453,0
13064,13,4,1105.59,7.009038493734221,1.6094379124341003,0
13065,373,1,205.86,5.3320422359496575,0.6931471805599453,0
13066,24,2,470.8,6.1565551669735745,1.0986122886681098,0
13067,82,1,115.46000000000001,4.757547866408974,0.6931471805599453,0
13068,10,2,344.0,5.84354441703136,1.0986122886681098,0
13069,1,24,4431.44,8.396705501477726,3.2188758248682006,0
13070,192,1,228.8,5.437209365414655,0.6931471805599453,0
13072,267,1,177.15,5.182625892051845,0.6931471805599453,0
13075,130,1,919.61,6.825036493805135,0.6931471805599453,0
13077,1,4,728.02,6.5917011664745795,1.6094379124341003,0
13078,3,26,12627.94,9.443746284664895,3.295836866004329,0
13079,4,5,220.10000000000002,5.3986150878634005,1.791759469228055,0
13080,179,1,58.08,4.078892457663179,0.6931471805599453,0
13081,12,11,28337.38,10.251972348590337,2.4849066497880004,0
13082,126,9,3613.63,8.192744778040643,2.302585092994046,0
13083,4,2,303.75,5.719491768361381,1.0986122886681098,0
13085,158,2,416.08000000000004,6.0332780499213925,1.0986122886681098,0
13089,3,97,58762.08,10.98126904552405,4.584967478670572,1
13090,9,14,8910.82,9.095133764476559,2.70805020110221,0
13091,28,1,345.82,5.848805913370403,0.6931471805599453,0
13092,71,5,477.83,6.171345628362577,1.791759469228055,0
13093,276,8,7832.47,8.966160858120457,2.1972245773362196,0
13094,21,12,1927.3200000000002,7.564404436501881,2.5649493574615367,0
13095,71,1,74.39999999999999,4.32280727501391,0.6931471805599453,0
13097,33,10,6003.22,8.70021783432055,2.3978952727983707,0
13098,1,28,28882.44,10.271023699486712,3.367295829986474,0
13099,99,1,207.35999999999999,5.33926735287699,0.6931471805599453,0
13101,234,1,101.19,4.626833825624118,0.6931471805599453,0
13102,1,24,6424.09,8.767965917447414,3.2188758248682006,0
13103,40,1,243.94,5.501013282593141,0.6931471805599453,0
13104,3,6,1098.48,7.0025926197429715,1.9459101490553132,0
13106,133,1,76.5,4.350277936359301,0.6931471805599453,0
13107,44,4,1531.6200000000001,7.334733968170588,1.6094379124341003,0
13108,373,1,350.06,5.8609571490281995,0.6931471805599453,0
13109,60,2,786.54,6.668914163060628,1.0986122886681098,0
13110,31,7,1488.67,7.306309897899894,2.0794415416798357,0
13113,1,24,12245.960000000001,9.41303302190997,3.2188758248682006,0
13115,12,4,2294.78,7.7388279340332105,1.6094379124341003,0
13116,138,1,501.14,6.218878965272838,0.6931471805599453,0
13117,22,8,984.91,6.893565072546089,2.1972245773362196,0
13118,20,5,1197.81,7.089084677082725,1.791759469228055,0
13120,239,1,30.599999999999998,3.4531571205928664,0.6931471805599453,0
13121,269,1,283.73,5.6515413628105104,0.6931471805599453,0
13122,94,2,922.39,6.828051680471256,1.0986122886681098,0
13124,90,3,3756.33,8.231463877756003,1.3862943611198906,0
13126,5,8,2099.64,7.6499973391858,2.1972245773362196,0
13127,78,1,259.17,5.561335263505108,0.6931471805599453,0
13130,94,1,64.0,4.174387269895637,0.6931471805599453,0
13131,23,3,1073.3,6.979424565672496,1.3862943611198906,0
13132,262,1,77.3,4.360547602996758,0.6931471805599453,0
13133,274,2,109.8,4.707726774313183,1.0986122886681098,0
13134,86,4,1793.58,7.4925262902571115,1.6094379124341003,0
13135,197,1,3096.0,8.038189179973203,0.6931471805599453,0
13136,56,5,2607.61,7.866572791402729,1.791759469228055,0
13137,11,8,3603.29,8.189880081639725,2.1972245773362196,0
13138,22,6,962.39,6.870458314237744,1.9459101490553132,0
13139,16,7,5064.94,8.530294986827844,2.0794415416798357,0
13140,108,3,422.47,6.048482673330305,1.3862943611198906,0
13141,85,5,2388.75,7.778944036943872,1.791759469228055,0
13142,19,1,307.09,5.7303919480814,0.6931471805599453,0
13144,333,1,110.95,4.718052343044764,0.6931471805599453,0
13145,40,4,618.52,6.428944984648157,1.6094379124341003,0
13146,26,1,228.91,5.437687927995845,0.6931471805599453,0
13147,10,4,712.8000000000001,6.57060281105606,1.6094379124341003,0
13148,29,12,3683.26,8.211824970346322,2.5649493574615367,0
13149,14,4,1676.06,7.424797539358498,1.6094379124341003,0
13151,296,1,1257.8700000000001,7.1379697721602025,0.6931471805599453,0
13153,6,1,486.22,6.188715766456242,0.6931471805599453,0
13155,33,4,971.76,6.880137391945464,1.6094379124341003,0
13157,49,4,1741.22,7.462915441057162,1.6094379124341003,0
13158,95,4,1201.06,7.091792030654675,1.6094379124341003,0
13159,9,4,1429.35,7.26567444855103,1.6094379124341003,0
13160,22,1,91.8,4.530446639792155,0.6931471805599453,0
13161,313,1,112.75,4.7340030578310595,0.6931471805599453,0
13162,122,4,1688.29,7.432063601299488,1.6094379124341003,0
13165,46,2,1021.48,6.929986327823459,1.0986122886681098,0
13166,283,1,417.2,6.035959786994534,0.6931471805599453,0
13167,19,4,791.33,6.674977971699642,1.6094379124341003,0
13168,36,4,1299.59,7.170573286646459,1.6094379124341003,0
13169,64,2,712.88,6.570714880987815,1.0986122886681098,0
13170,27,1,108.81,4.698751599609622,0.6931471805599453,0
13171,22,3,468.41,6.151476586982076,1.3862943611198906,0
13173,4,2,353.65,5.871131387648096,1.0986122886681098,0
13174,16,3,2742.82,7.917106389026516,1.3862943611198906,0
13176,46,1,481.49,6.178960195175666,0.6931471805599453,0
13177,65,1,282.45,5.6470357407703125,0.6931471805599453,0
13178,26,11,5725.47,8.652854564021988,2.4849066497880004,0
13182,45,1,121.18,4.805495367221621,0.6931471805599453,0
13183,8,9,3957.78,8.283691175973804,2.302585092994046,0
13184,15,10,1668.95,7.420548964842826,2.3978952727983707,0
13185,268,1,71.4,4.282206299391671,0.6931471805599453,0
13186,40,3,1575.89,7.363209831835215,1.3862943611198906,0
13187,337,1,236.02,5.4681445257603025,0.6931471805599453,0
13188,11,1,114.60000000000001,4.750135956238277,0.6931471805599453,0
13189,19,2,260.68,5.567122383230129,1.0986122886681098,0
13192,95,2,911.94,6.81667016102037,1.0986122886681098,0
13193,61,1,112.08,4.72809553282539,0.6931471805599453,0
13194,136,1,60.7,4.122283930911342,0.6931471805599453,0
13196,11,4,1797.78,7.494863936311281,1.6094379124341003,0
13198,10,6,3401.2400000000002,8.132189317204716,1.9459101490553132,0
13199,4,38,9817.12,9.191984936991869,3.6635616461296463,0
13200,19,4,870.09,6.769745301020691,1.6094379124341003,0
13203,10,4,869.46,6.769021807549381,1.6094379124341003,0
13207,15,2,250.26000000000002,5.526488259576272,1.0986122886681098,0
13208,59,6,1217.65,7.105498967663615,1.9459101490553132,0
13209,30,8,5891.61,8.681454302434092,2.1972245773362196,0
13210,94,1,353.48,5.8706519268912345,0.6931471805599453,0
13211,10,3,1095.42,6.999805605779951,1.3862943611198906,0
13212,20,3,786.83,6.669282330542903,1.3862943611198906,0
13213,57,5,1520.58,7.327504547645857,1.791759469228055,0
13216,268,1,333.74,5.813354111085492,0.6931471805599453,0
13217,122,3,533.98,6.282229363019668,1.3862943611198906,0
13218,127,1,62.63999999999999,4.153242203469586,0.6931471805599453,0
13220,78,4,819.2900000000001,6.7096579362724444,1.6094379124341003,0
13221,240,2,847.41,6.743364009514037,1.0986122886681098,0
13223,200,2,163.20000000000002,5.101085197018328,1.0986122886681098,0
13224,60,2,2155.95,7.676450465777419,1.0986122886681098,0
13225,3,7,6463.84,8.774133542253146,2.0794415416798357,0
13226,273,1,108.21000000000001,4.693272634209637,0.6931471805599453,0
13227,202,1,257.7,5.5556690891919835,0.6931471805599453,0
13228,81,1,358.0,5.883322388488279,0.6931471805599453,0
13229,226,1,160.95,5.087287645617338,0.6931471805599453,0
13230,4,14,2755.63,7.921764198172896,2.70805020110221,0
13232,13,7,1328.35,7.192445379947863,2.0794415416798357,0
13233,74,2,605.12,6.407077986267962,1.0986122886681098,0
13235,212,1,1031.07,6.939321773198559,0.6931471805599453,0
13236,25,2,744.85,6.614524507599939,1.0986122886681098,0
13238,17,4,700.73,6.553548714657728,1.6094379124341003,0
13239,262,1,329.56,5.800788185931274,0.6931471805599453,0
13240,96,4,663.65,6.499260586313608,1.6094379124341003,0
13242,112,3,270.40000000000003,5.603593747400769,1.3862943611198906,0
13243,203,1,585.12,6.373524546769825,0.6931471805599453,0
13244,93,1,121.74000000000001,4.810068296960951,0.6931471805599453,0
13245,51,1,430.5,6.067267510523482,0.6931471805599453,0
13246,18,6,1961.52,7.581984640687438,1.9459101490553132,0
13247,18,4,501.12,6.218839134950008,1.6094379124341003,0
13248,125,2,465.68,6.145643797955656,1.0986122886681098,0
13249,92,3,711.41,6.56865358837482,1.3862943611198906,0
13253,157,2,1030.4,6.9386723816168585,1.0986122886681098,0
13255,9,2,399.51,5.992738734985712,1.0986122886681098,0
13258,12,3,672.83,6.512977853578813,1.3862943611198906,0
13259,62,1,283.18,5.64960784020993,0.6931471805599453,0
13260,61,1,557.62,6.325469456665338,0.6931471805599453,0
13261,269,2,944.1,6.8512907420010105,1.0986122886681098,0
13262,263,1,200.29,5.3047466543129405,0.6931471805599453,0
13263,1,35,7436.93,8.914347863308706,3.58351893845611,0
13265,53,5,2092.66,7.646669009574865,1.791759469228055,0
13266,11,12,3834.2599999999998,8.251992508113439,2.5649493574615367,0
13267,3,19,4521.49,8.416818006100614,2.995732273553991,0
13268,18,11,3174.75,8.06329910390357,2.4849066497880004,0
13269,1,15,5343.28,8.583782109053482,2.772588722239781,0
13270,366,1,590.0,6.3818160174060985,0.6931471805599453,0
13271,37,1,211.49,5.358894928433641,0.6931471805599453,0
13272,31,2,276.56,5.626037126031348,1.0986122886681098,0
13273,113,1,138.98,4.941499555261394,0.6931471805599453,0
13276,64,2,590.9300000000001,6.383388384649479,1.0986122886681098,0
13277,16,4,258.4,5.5583712718823435,1.6094379124341003,0
13278,41,1,542.73,6.298452800117238,0.6931471805599453,0
13279,78,1,137.75,4.932673752626544,0.6931471805599453,0
13280,122,3,798.46,6.68393649975286,1.3862943611198906,0
13282,18,3,1132.14,7.032747819149021,1.3862943611198906,0
13283,60,2,93.66,4.5502915244781015,1.0986122886681098,0
13284,331,1,201.19,5.309207849379209,0.6931471805599453,0
13285,23,4,2709.12,7.904748193336201,1.6094379124341003,0
13291,156,1,361.11,5.8919480330707374,0.6931471805599453,0
13292,39,2,578.9399999999999,6.362924649913461,1.0986122886681098,0
13294,190,2,873.74,6.773926699344786,1.0986122886681098,0
13295,360,1,201.20000000000002,5.309257306586371,0.6931471805599453,0
13296,137,1,87.4,4.481871969643598,0.6931471805599453,0
13297,8,4,2089.85,7.645325960844005,1.6094379124341003,0
13298,1,1,360.0,5.8888779583328805,0.6931471805599453,0
13299,268,1,142.5,4.966335035199676,0.6931471805599453,0
13300,169,1,371.89,5.921283469984221,0.6931471805599453,0
13301,104,4,618.09,6.428250657915328,1.6094379124341003,0
13302,155,1,63.75,4.1705337005796475,0.6931471805599453,0
13304,351,1,300.42,5.7085046409915305,0.6931471805599453,0
13305,4,10,2000.86,7.601832027360015,2.3978952727983707,0
13307,120,1,15.0,2.772588722239781,0.6931471805599453,0
13308,23,3,1385.51,7.23454507743516,1.3862943611198906,0
13309,7,5,1456.79,7.2846768692730555,1.791759469228055,0
13310,28,3,1132.03,7.032650739053453,1.3862943611198906,0
13311,4,2,598.57,6.396212731621162,1.0986122886681098,0
13313,22,5,1555.32,7.35007933912113,1.791759469228055,0
13314,2,3,775.94,6.655363127308804,1.3862943611198906,0
13316,37,4,5732.93,8.654156438485995,1.6094379124341003,0
13317,66,6,2273.68,7.729594662150938,1.9459101490553132,0
13318,1,3,640.76,6.464214402021743,1.3862943611198906,0
13319,5,26,10845.550000000001,9.29160233605445,3.295836866004329,0
13320,78,4,1532.2,7.3351123335064,1.6094379124341003,0
13321,72,2,567.36,6.342755020769874,1.0986122886681098,0
13322,17,1,199.48000000000002,5.300714491147758,0.6931471805599453,0
13323,3,5,787.85,6.670576188703463,1.791759469228055,0
13324,36,10,7121.95,8.871077244439467,2.3978952727983707,0
13325,82,1,675.3,6.516636764580894,0.6931471805599453,0
13327,39,8,3627.77,8.196649026863438,2.1972245773362196,0
13328,316,1,1308.48,7.17738539082617,0.6931471805599453,0
13329,32,2,789.0,6.672032945461067,1.0986122886681098,0
13330,93,3,1140.93,7.040475092365302,1.3862943611198906,0
13332,14,1,350.9,5.863347044327539,0.6931471805599453,0
13334,82,3,3502.32,8.161466369296502,1.3862943611198906,0
13336,77,1,795.12,6.679749928251019,0.6931471805599453,0
13338,158,1,487.02,6.190356388619899,0.6931471805599453,0
13339,201,1,860.12,6.758233867538541,0.6931471805599453,0
13340,45,7,10736.48,9.28149570365981,2.0794415416798357,0
13341,261,1,775.85,6.65524728153801,0.6931471805599453,0
13343,178,1,353.43,5.870510865261174,0.6931471805599453,0
13344,68,3,2511.69,7.829109171398687,1.3862943611198906,0
13345,288,1,389.5,5.967427969279741,0.6931471805599453,0
13347,70,1,341.36,5.835862815013409,0.6931471805599453,0
13348,64,1,233.76,5.458563715690134,0.6931471805599453,0
13349,11,1,247.32,5.514718236994854,0.6931471805599453,0
13350,16,2,979.12,6.887675013147945,1.0986122886681098,0
13351,66,1,373.94,5.926766013169045,0.6931471805599453,0
13352,60,1,397.97999999999996,5.988911290320265,0.6931471805599453,0
13354,71,1,743.53,6.612753146812557,0.6931471805599453,0
13355,122,1,674.7,6.515749190558129,0.6931471805599453,0
13356,80,1,768.24,6.645403014442647,0.6931471805599453,0
13357,257,1,609.4,6.414114479970247,0.6931471805599453,0
13358,269,1,439.03,6.086842906406214,0.6931471805599453,0
13359,64,1,439.56,6.088046644954226,0.6931471805599453,0
13362,9,4,3090.7400000000002,8.036489318202769,1.6094379124341003,0
13363,18,2,992.5,6.901234061991872,1.0986122886681098,0
13364,71,1,134.95999999999998,4.9123607248279155,0.6931471805599453,0
13365,34,2,2225.37,7.708127735453272,1.0986122886681098,0
13366,50,1,56.160000000000004,4.045854353061666,0.6931471805599453,0
13368,257,2,623.4,6.436791188641277,1.0986122886681098,0
13369,366,1,308.28000000000003,5.734247015460021,0.6931471805599453,0
13370,372,1,754.87,6.62786940372116,0.6931471805599453,0
13372,90,1,378.64,5.939223435262291,0.6931471805599453,0
13373,61,3,3312.25,8.105684859760789,1.3862943611198906,0
13375,89,1,778.65,6.658845101030894,0.6931471805599453,0
13376,99,3,1019.76,6.928302726869797,1.3862943611198906,0
13379,26,3,572.56,6.351862551846838,1.3862943611198906,0
13381,32,6,3639.31,8.199824121839633,1.9459101490553132,0
13382,281,1,222.99,5.411601408001375,0.6931471805599453,0
13384,31,7,4151.93,8.331569388203366,2.0794415416798357,0
13385,330,1,534.57,6.283331600299074,0.6931471805599453,0
13388,131,2,677.1,6.519294769689797,1.0986122886681098,0
13389,11,3,797.96,6.683310881934879,1.3862943611198906,0
13390,75,1,544.08,6.30093257288162,0.6931471805599453,0
13391,204,1,59.8,4.107589788972121,0.6931471805599453,0
13394,2,8,2520.02,7.832418860516229,2.1972245773362196,0
13395,185,1,307.72,5.7324347172293635,0.6931471805599453,0
13396,29,2,1360.99,7.216702144538598,1.0986122886681098,0
13397,73,5,1544.13,7.342863328186895,1.791759469228055,0
13398,192,1,457.34,6.127611266781323,0.6931471805599453,0
13402,127,2,621.23,6.433309799308897,1.0986122886681098,0
13403,18,1,75.0,4.330733340286331,0.6931471805599453,0
13404,1,2,252.49,5.5353243745214,1.0986122886681098,0
13405,74,3,572.451,6.351672492640208,1.3862943611198906,0
13408,2,62,28117.04,10.244166642215127,4.143134726391533,1
13410,24,5,1003.06,6.911807059422235,1.791759469228055,0
13411,107,1,213.55,5.368542811437534,0.6931471805599453,0
13414,134,3,1390.5,7.238137580965946,1.3862943611198906,0
13416,44,2,712.5,6.570182436916891,1.0986122886681098,0
13417,5,2,640.83,6.4643234711171225,1.0986122886681098,0
13418,12,18,6127.43,8.720693878671442,2.9444389791664403,0
13419,64,1,221.06,5.40294761562612,0.6931471805599453,0
13420,150,2,159.85,5.080472253685035,1.0986122886681098,0
13421,40,2,1833.71,7.514641709852188,1.0986122886681098,0
13422,64,1,2626.3,7.8737119818711125,0.6931471805599453,0
13425,108,3,1624.21,7.393392317183492,1.3862943611198906,0
13426,1,10,3641.32,8.200376120238847,2.3978952727983707,0
13427,19,3,582.6,6.369215816648631,1.3862943611198906,0
13428,10,1,201.78,5.3121216475244335,0.6931471805599453,0
13429,11,4,1006.8,6.915525016246498,1.6094379124341003,0
13430,19,2,679.45,6.5227543440063265,1.0986122886681098,0
13431,67,2,1269.1,7.146850916510274,1.0986122886681098,0
13434,74,2,534.24,6.282715244436788,1.0986122886681098,0
13435,5,7,3809.8900000000003,8.245618036642021,2.0794415416798357,0
13436,2,1,196.89,5.287711320760812,0.6931471805599453,0
13437,14,7,3408.06,8.134191872452362,2.0794415416798357,0
13439,255,1,283.71,5.651471118359793,0.6931471805599453,0
13441,92,1,296.64,5.69588470252906,0.6931471805599453,0
13447,23,3,1129.14,7.030096797837492,1.3862943611198906,0
13448,17,6,3534.69,8.170663750231064,1.9459101490553132,0
13449,24,1,291.88,5.679762968811981,0.6931471805599453,0
13450,27,6,2043.7199999999998,7.623016139787193,1.9459101490553132,0
13451,26,5,2898.2599999999998,7.972210810998752,1.791759469228055,0
13452,259,2,590.0,6.3818160174060985,1.0986122886681098,0
13453,166,2,356.97999999999996,5.880477118918353,1.0986122886681098,0
13455,25,2,1058.34,6.965401351674954,1.0986122886681098,0
13456,18,6,1766.72,7.477445859614847,1.9459101490553132,0
13458,7,14,9646.57,9.174461349151194,2.70805020110221,0
13460,29,2,183.44,5.217324207338505,1.0986122886681098,0
13461,39,3,1445.0,7.27655640271871,1.3862943611198906,0
13462,253,1,151.5,5.0271645960474665,0.6931471805599453,0
13464,58,1,674.68,6.515719591185634,0.6931471805599453,0
13466,184,1,307.9,5.733017599924536,0.6931471805599453,0
13467,11,2,1071.91,6.978129862132399,1.0986122886681098,0
13468,2,37,5704.97,8.64926827413607,3.6375861597263857,0
13470,99,2,165.0,5.111987788356544,1.0986122886681098,0
13471,1,4,2501.84,7.825181366096544,1.6094379124341003,0
13473,61,2,422.64,6.048884037975468,1.0986122886681098,0
13474,236,1,226.84,5.428643628223611,0.6931471805599453,0
13475,191,4,1431.78,7.2673718919667785,1.6094379124341003,0
13476,179,2,1238.47,7.122439147874555,1.0986122886681098,0
13477,38,6,1454.58,7.283159725605137,1.9459101490553132,0
13479,201,2,300.95,5.71026144075391,1.0986122886681098,0
13481,46,5,1804.56,7.498626071957096,1.791759469228055,0
13482,232,1,184.64,5.223809314372975,0.6931471805599453,0
13483,66,1,140.34,4.951168335262708,0.6931471805599453,0
13484,241,1,313.8,5.751937516543248,0.6931471805599453,0
13485,233,1,454.24,6.120824752413689,0.6931471805599453,0
13486,78,3,1122.41,7.024123981607583,1.3862943611198906,0
13487,58,3,575.4,6.356801864125367,1.3862943611198906,0
13488,17,13,8968.31,9.101564029017187,2.6390573296152584,0
13489,105,4,449.52,6.110402471179496,1.6094379124341003,0
13491,52,10,1215.82,7.103996177364903,2.3978952727983707,0
13492,136,3,1269.84,7.147433378135437,1.3862943611198906,0
13493,275,2,618.63,6.429122525704993,1.0986122886681098,0
13494,312,1,316.26000000000005,5.759721626980309,0.6931471805599453,0
13495,8,5,2044.8700000000001,7.623578405880983,1.791759469228055,0
13496,11,2,653.33,6.483611811351871,1.0986122886681098,0
13497,283,2,348.05,5.855215178416411,1.0986122886681098,0
13499,18,5,1159.11,7.056270107190766,1.791759469228055,0
13500,23,3,1166.77,7.062851226189096,1.3862943611198906,0
13501,288,1,1340.32,7.201409482704207,0.6931471805599453,0
13502,17,3,292.0,5.680172609017068,1.3862943611198906,0
13503,71,1,216.85,5.383806752563451,0.6931471805599453,0
13504,64,1,295.93,5.693496420787701,0.6931471805599453,0
13505,73,4,4393.63,8.388138619999735,1.6094379124341003,0
13506,316,2,458.52,6.130182466419805,1.0986122886681098,0
13507,3,4,2479.16,7.816078353206984,1.6094379124341003,0
13508,244,1,110.97,4.718230978272105,0.6931471805599453,0
13509,9,7,979.72,6.888286995786739,2.0794415416798357,0
13510,1,4,1791.56,7.491400044716921,1.6094379124341003,0
13512,261,1,251.21,5.530262073815315,0.6931471805599453,0
13513,127,1,205.1,5.328361487896413,0.6931471805599453,0
13514,74,1,152.20000000000002,5.031744257306491,0.6931471805599453,0
13515,73,4,891.12,6.793600652679757,1.6094379124341003,0
13516,21,3,1389.41,7.2373539466601775,1.3862943611198906,0
13517,60,3,2128.42,7.663604921153483,1.3862943611198906,0
13518,86,1,627.16,6.442794911088096,0.6931471805599453,0
13519,78,1,122.75,4.8182634014487995,0.6931471805599453,0
13520,59,6,3624.35,8.195706114352095,1.9459101490553132,0
13521,1,3,1071.73,6.977962080025035,1.3862943611198906,0
13522,30,1,125.80000000000001,4.842611042003125,0.6931471805599453,0
13523,33,5,3964.88,8.285483051435902,1.791759469228055,0
13524,41,5,680.1800000000001,6.523826588404497,1.791759469228055,0
13525,15,2,628.78,6.445370552049637,1.0986122886681098,0
13527,34,7,2242.36,7.7157300209728215,2.0794415416798357,0
13529,79,2,307.76,5.732564276081653,1.0986122886681098,0
13531,205,2,483.8,6.1837364347551045,1.0986122886681098,0
13532,34,1,210.31,5.353326249578836,0.6931471805599453,0
13533,183,3,269.09,5.598755236788495,1.3862943611198906,0
13534,2,25,5870.08,8.677793882270105,3.258096538021482,0
13536,1,7,3444.39,8.144792384587438,2.0794415416798357,0
13538,43,7,1280.85,7.156059625954846,2.0794415416798357,0
13539,86,3,631.34,6.449427224173901,1.3862943611198906,0
13544,40,2,276.06,5.624234089229733,1.0986122886681098,0
13546,12,3,621.09,6.433084776805697,1.3862943611198906,0
13548,96,2,678.16,6.520856740447811,1.0986122886681098,0
13549,26,7,918.2,6.823503726534546,2.0794415416798357,0
13551,319,1,91.80000000000001,4.530446639792155,0.6931471805599453,0
13552,66,12,3740.07,8.227126945747532,2.5649493574615367,0
13555,74,4,4098.88,8.318712983971391,1.6094379124341003,0
13557,28,2,584.06,6.371714406075083,1.0986122886681098,0
13558,6,4,594.52,6.389434973453886,1.6094379124341003,0
13560,7,1,171.42000000000002,5.149933360781779,0.6931471805599453,0
13561,216,1,141.85999999999999,4.961865129726826,0.6931471805599453,0
13562,82,3,1799.33,7.495725260414088,1.3862943611198906,0
13563,84,2,777.53,6.657407526177046,1.0986122886681098,0
13564,144,3,1724.67,7.453370659852556,1.3862943611198906,0
13565,19,2,240.22,5.485709380155097,1.0986122886681098,0
13566,41,2,856.84,6.75441760191189,1.0986122886681098,0
13568,173,1,187.05,5.2367078849163455,0.6931471805599453,0
13569,17,2,338.62,5.8278273455181555,1.0986122886681098,0
13570,243,1,239.49,5.482678508639762,0.6931471805599453,0
13571,13,12,2088.94,7.644890636412799,2.5649493574615367,0
13572,206,1,1384.25,7.233635907747459,0.6931471805599453,0
13573,50,2,290.25,5.674182004879911,1.0986122886681098,0
13575,23,5,732.0699999999999,6.597241195280628,1.791759469228055,0
13576,10,18,6717.34,8.812596379192264,2.9444389791664403,0
13577,25,4,1687.6000000000001,7.4316550622354,1.6094379124341003,0
13579,15,2,467.04,6.148553762350757,1.0986122886681098,0
13581,309,1,118.0,4.77912349311153,0.6931471805599453,0
13583,156,1,781.03,6.661893102980819,0.6931471805599453,0
13584,307,1,142.4,4.96563792816552,0.6931471805599453,0
13587,64,1,712.4,6.570042272924791,0.6931471805599453,0
13588,16,9,2478.95,7.815993677665464,2.302585092994046,0
13589,15,2,379.65,5.941880317752221,1.0986122886681098,0
13590,11,6,1981.92,7.592325784791223,1.9459101490553132,0
13591,65,3,1117.13,7.019412926024925,1.3862943611198906,0
13592,36,4,247.95999999999998,5.5172922409900265,1.6094379124341003,0
13593,108,5,2011.88,7.607321811344266,1.791759469228055,0
13594,53,1,396.97,5.986376625559036,0.6931471805599453,0
13596,6,2,664.11,6.499952440510379,1.0986122886681098,0
13598,47,1,160.04,5.081652781331536,0.6931471805599453,0
13599,1,21,5149.92,8.546930618480117,3.091042453358316,0
13600,312,1,219.52,5.395988393721483,0.6931471805599453,0
13601,45,2,693.32,6.54293294933599,1.0986122886681098,0
13602,65,1,428.89,6.063529362008149,0.6931471805599453,0
13603,26,1,164.34,5.108003959824529,0.6931471805599453,0
13606,29,3,276.75,5.6267214285197396,1.3862943611198906,0
13607,40,1,675.51,6.516947229467592,0.6931471805599453,0
13610,12,7,1082.33,6.987794909727863,2.0794415416798357,0
13611,89,3,1154.4,7.052201883347165,1.3862943611198906,0
13614,24,4,1585.46,7.369260397972974,1.6094379124341003,0
13615,319,1,417.69,6.037130789291114,0.6931471805599453,0
13617,40,3,544.18,6.301116015363744,1.3862943611198906,0
13618,174,1,177.34,5.183691840706733,0.6931471805599453,0
13621,117,1,213.85,5.3699401102210045,0.6931471805599453,0
13623,31,5,727.74,6.591317015443623,1.791759469228055,0
13626,253,1,257.23,5.5538506606638975,0.6931471805599453,0
13627,59,5,1638.47,7.402128297855622,1.791759469228055,0
13629,23,11,7792.36,8.961027368080067,2.4849066497880004,0
13630,5,7,2031.78,7.617159593311352,2.0794415416798357,0
13631,100,11,3070.42,8.029895274358873,2.4849066497880004,0
13632,25,5,2118.93,7.659138348252998,1.791759469228055,0
13634,33,5,1547.3600000000001,7.344951585251755,1.791759469228055,0
13635,68,1,1071.03,6.977309326313799,0.6931471805599453,0
13636,37,5,949.12,6.856588292406893,1.791759469228055,0
13637,52,3,804.3,6.6912148788015,1.3862943611198906,0
13638,16,1,122.64,4.817374117263916,0.6931471805599453,0
13639,74,1,1033.34,6.941518821134943,0.6931471805599453,0
13642,216,1,312.28,5.7470973593421455,0.6931471805599453,0
13643,31,3,519.44,6.254674607635275,1.3862943611198906,0
13644,16,4,2624.26,7.87293521773988,1.6094379124341003,0
13645,120,1,252.1,5.533784667551078,0.6931471805599453,0
13647,10,4,1648.1200000000001,7.4079970912884825,1.6094379124341003,0
13649,257,2,346.6,5.851052393391237,1.0986122886681098,0
13650,17,6,1836.34,7.516074152465826,1.9459101490553132,0
13651,35,2,94.2,4.55597994179732,1.0986122886681098,0
13652,46,3,1095.08,6.999495457544853,1.3862943611198906,0
13654,43,6,2707.33,7.90408748775984,1.9459101490553132,0
13655,114,2,932.97,6.83944431779864,1.0986122886681098,0
13656,165,2,379.65,5.941880317752221,1.0986122886681098,0
13657,11,2,382.14,5.948400457636955,1.0986122886681098,0
13658,10,5,2639.17,7.878598588006555,1.791759469228055,0
13659,206,2,1563.0,7.355001921105257,1.0986122886681098,0
13662,86,3,881.26,6.782486797146853,1.3862943611198906,0
13663,179,1,189.47,5.249494701850468,0.6931471805599453,0
13666,60,3,84.65,4.450269224770129,1.3862943611198906,0
13667,149,1,299.05,5.703949127435522,0.6931471805599453,0
13668,3,21,6309.83,8.750022484127467,3.091042453358316,0
13669,51,2,218.55,5.391579997007726,1.0986122886681098,0
13670,75,1,349.7,5.859931157146132,0.6931471805599453,0
13672,301,2,186.39000000000001,5.233192006587575,1.0986122886681098,0
13673,19,2,387.44,5.962138717726154,1.0986122886681098,0
13675,151,2,486.82000000000005,6.189946485351331,1.0986122886681098,0
13678,152,1,232.6,5.453610250954072,0.6931471805599453,0
13680,1,4,3719.12,8.221511204811428,1.6094379124341003,0
13681,18,4,827.83,6.720015067761323,1.6094379124341003,0
13682,187,1,59.5,4.102643365036796,0.6931471805599453,0
13684,286,1,65.13,4.191622501686571,0.6931471805599453,0
13685,3,7,3119.44,8.045729296501372,2.0794415416798357,0
13686,183,1,72.0,4.290459441148391,0.6931471805599453,0
13689,63,1,910.0,6.814542897259958,0.6931471805599453,0
13690,59,1,172.25,5.1547356380700124,0.6931471805599453,0
13692,25,3,1488.32,7.30607491892943,1.3862943611198906,0
13694,4,50,65039.62,11.082767276771584,3.9318256327243257,1
13695,31,15,2504.13,7.826095908379989,2.772588722239781,0
13697,39,1,151.29999999999998,5.025852259901116,0.6931471805599453,0
13699,155,1,308.58000000000004,5.735216540145732,0.6931471805599453,0
13700,26,10,2248.63,7.718521037231551,2.3978952727983707,0
13703,318,1,99.5,4.61015772749913,0.6931471805599453,0
13704,5,9,2308.06,7.744595794291895,2.302585092994046,0
13705,8,3,711.86,6.569285047698251,1.3862943611198906,0
13706,303,1,330.79,5.8045022386644325,0.6931471805599453,0
13707,267,2,806.41,6.693831593776871,1.0986122886681098,0
13708,271,1,285.33,5.657144991804844,0.6931471805599453,0
13709,4,13,6307.650000000001,8.74967698652825,2.6390573296152584,0
13710,32,1,180.48,5.201145454795763,0.6931471805599453,0
13711,219,2,252.06,5.5336266147611175,1.0986122886681098,0
13712,247,1,228.84,5.437383414671034,0.6931471805599453,0
13715,281,5,1077.39,6.983224467118015,1.791759469228055,0
13716,269,1,138.28,4.936486295459933,0.6931471805599453,0
13717,32,6,1445.01,7.276563318324119,1.9459101490553132,0
13718,246,2,306.55,5.728637675654378,1.0986122886681098,0
13719,15,5,1041.68,6.949549600639115,1.791759469228055,0
13720,117,4,799.9,6.685736095329637,1.6094379124341003,0
13721,36,1,524.14,6.263664893709055,0.6931471805599453,0
13722,132,3,2375.41,7.773346224518516,1.3862943611198906,0
13723,217,1,199.85000000000002,5.302558360805292,0.6931471805599453,0
13725,50,8,1980.56,7.5916396922628975,2.1972245773362196,0
13726,39,2,1079.6599999999999,6.985327244577021,1.0986122886681098,0
13727,29,2,333.48,5.81257708704831,1.0986122886681098,0
13728,37,6,1016.14,6.924750046357999,1.9459101490553132,0
13730,136,2,752.6,6.624861723262153,1.0986122886681098,0
13731,219,2,610.59,6.416062123365316,1.0986122886681098,0
13732,28,1,491.86,6.200225158054739,0.6931471805599453,0
13735,25,4,2883.54,7.967120720822151,1.6094379124341003,0
13736,5,2,729.8,6.594139824503851,1.0986122886681098,0
13737,200,1,339.59999999999997,5.830708768228588,0.6931471805599453,0
13739,18,1,216.9,5.384036241950574,0.6931471805599453,0
13740,241,1,350.75,5.862920695994498,0.6931471805599453,0
13741,72,3,668.4300000000001,6.50642660402637,1.3862943611198906,0
13742,17,12,3107.87,8.04201459509639,2.5649493574615367,0
13743,3,7,1341.6,7.2023633115046515,2.0794415416798357,0
13744,95,2,1080.52,6.9861227380561495,1.0986122886681098,0
13745,162,1,300.04,5.707243146285182,0.6931471805599453,0
13747,374,1,79.6,4.389498649512583,0.6931471805599453,0
13748,96,5,948.25,6.855672199111912,1.791759469228055,0
13750,54,5,1647.26,7.407475465015805,1.791759469228055,0
13751,288,1,296.25,5.694573535570891,0.6931471805599453,0
13752,124,6,1175.38,7.07019720551526,1.9459101490553132,0
13753,288,1,741.26,6.609699586102796,0.6931471805599453,0
13754,152,2,282.59999999999997,5.647564794657972,1.0986122886681098,0
13755,4,9,2108.06,7.653997629576229,2.302585092994046,0
13756,2,14,5189.52,8.55458916381921,2.70805020110221,0
13758,12,7,3190.55,8.068261971187837,2.0794415416798357,0
13759,33,2,659.4100000000001,6.492860854269306,1.0986122886681098,0
13760,54,2,286.79,5.662231047497966,1.0986122886681098,0
13761,50,2,1070.65,6.976954795783142,1.0986122886681098,0
13762,219,1,306.72,5.729190278590734,0.6931471805599453,0
13763,63,1,1714.96,7.447727969752915,0.6931471805599453,0
13764,71,3,1519.42,7.3267418914616185,1.3862943611198906,0
13767,2,37,17220.36,9.753905752795765,3.6375861597263857,0
13769,2,10,2796.51,7.936485014799888,2.3978952727983707,0
13771,64,4,2634.45,7.876809224383177,1.6094379124341003,0
13772,34,3,1122.63,7.024319794766853,1.3862943611198906,0
13774,82,1,345.0,5.846438775057725,0.6931471805599453,0
13777,1,33,25977.16,10.165011464005927,3.5263605246161616,0
13778,103,1,178.7,5.191288793789513,0.6931471805599453,0
13780,7,2,360.01,5.888905658780245,1.0986122886681098,0
13781,251,1,127.84,4.858571324462998,0.6931471805599453,0
13782,13,6,908.86,6.8132907415215165,1.9459101490553132,0
13784,10,11,2462.79,7.809456093748633,2.4849066497880004,0
13786,367,1,230.39999999999998,5.444147814759576,0.6931471805599453,0
13787,76,2,309.04,5.736701321413311,1.0986122886681098,0
13790,4,1,348.8,5.857361562584502,0.6931471805599453,0
13791,128,2,1516.0,7.324489979348532,1.0986122886681098,0
13792,66,2,195.55,5.280916851867869,1.0986122886681098,0
13798,1,57,37153.85,10.522849593441716,4.060443010546419,1
13799,117,2,688.86,6.5364886784538845,1.0986122886681098,0
13800,310,1,558.32,6.32672176017265,0.6931471805599453,0
13801,67,1,324.8,5.786283696167945,0.6931471805599453,0
13802,139,3,4599.42,8.433902882657025,1.3862943611198906,0
13803,255,1,277.07,5.627872880555851,0.6931471805599453,0
13804,31,7,2588.39,7.85917760571858,2.0794415416798357,0
13805,52,2,924.6,6.830442175879467,1.0986122886681098,0
13806,64,1,256.38,5.550553592065519,0.6931471805599453,0
13807,367,1,112.6,4.732683506287051,0.6931471805599453,0
13808,6,5,1747.66,7.466605059322925,1.791759469228055,0
13809,305,1,155.05,5.0501764687167885,0.6931471805599453,0
13810,29,3,1499.01,7.313227053734746,1.3862943611198906,0
13811,184,3,814.5,6.703801422061068,1.3862943611198906,0
13812,42,3,539.0,6.29156913955832,1.3862943611198906,0
13813,40,4,1366.8600000000001,7.221002753764198,1.6094379124341003,0
13814,92,2,1579.12,7.365256072504094,1.0986122886681098,0
13815,22,4,4027.36,8.301114624224146,1.6094379124341003,0
13816,24,2,571.6700000000001,6.3503096345809205,1.0986122886681098,0
13817,29,2,382.98,5.950590467898009,1.0986122886681098,0
13819,302,3,1140.35,7.039967051290641,1.3862943611198906,0
13821,145,2,385.64,5.957494027536828,1.0986122886681098,0
13822,6,2,632.0,6.450470422144176,1.0986122886681098,0
13823,19,2,957.66,6.865536476045727,1.0986122886681098,0
13824,33,5,1698.94,7.438348235303808,1.791759469228055,0
13826,176,1,189.5,5.249652194566756,0.6931471805599453,0
13827,58,3,409.8,6.018106478054404,1.3862943611198906,0
13828,22,1,209.49,5.349438146055751,0.6931471805599453,0
13831,16,6,2198.45,7.695962608091198,1.9459101490553132,0
13832,19,1,52.199999999999996,3.9740583963475986,0.6931471805599453,0
13833,159,1,383.85,5.9528536479803265,0.6931471805599453,0
13835,25,4,834.57,6.728114126692287,1.6094379124341003,0
13837,212,2,266.59000000000003,5.589455958348054,1.0986122886681098,0
13838,6,4,674.82,6.515926768396882,1.6094379124341003,0
13841,253,1,85.0,4.454347296253507,0.6931471805599453,0
13842,59,9,3385.62,8.127587652841866,2.302585092994046,0
13844,11,1,361.62,5.893355453997663,0.6931471805599453,0
13845,65,1,312.98,5.749329289612172,0.6931471805599453,0
13846,25,3,865.0600000000001,6.763954190227071,1.3862943611198906,0
13848,92,3,1255.0,7.135687347028144,1.3862943611198906,0
13849,52,2,1537.95,7.338855644682132,1.0986122886681098,0
13850,129,1,1595.48,7.375556484672672,0.6931471805599453,0
13851,96,3,2651.46,7.883242790261331,1.3862943611198906,0
13853,57,1,1090.14,6.994978300240205,0.6931471805599453,0
13854,9,25,8109.5199999999995,9.000917263426343,3.258096538021482,0
13856,169,3,388.5,5.964863865310803,1.3862943611198906,0
13858,57,1,216.17,5.38068045697316,0.6931471805599453,0
13859,326,1,201.16,5.309059463079938,0.6931471805599453,0
13860,1,5,1245.9,7.1284157500025405,1.791759469228055,0
13862,18,8,2209.36,7.700910677173299,2.1972245773362196,0
13863,248,1,305.78,5.726130878319963,0.6931471805599453,0
13865,58,4,501.56,6.219715035790337,1.6094379124341003,0
13866,74,1,145.67000000000002,4.988185165258664,0.6931471805599453,0
13867,31,3,1005.09,6.913826809878765,1.3862943611198906,0
13868,7,2,3192.54,8.068885298365506,1.0986122886681098,0
13869,123,4,3083.65,8.034193477715295,1.6094379124341003,0
13870,2,8,2770.94,7.927302715053892,2.1972245773362196,0
13871,23,13,6403.25,8.764717111455825,2.6390573296152584,0
13873,120,3,389.6,5.967684018442578,1.3862943611198906,0
13874,358,1,540.45,6.294250726074389,0.6931471805599453,0
13875,54,5,1786.79,7.488735499171278,1.791759469228055,0
13876,64,1,122.7,4.8178592793984425,0.6931471805599453,0
13877,86,1,117.24,4.772716457199891,0.6931471805599453,0
13878,55,1,1271.57,7.148793756734876,0.6931471805599453,0
13880,21,13,3219.77,8.077375740386112,2.6390573296152584,0
13881,4,20,17159.52,9.75036667561313,3.044522437723423,0
13882,3,5,1191.13,7.083496902081326,1.791759469228055,0
13883,11,5,2674.48,7.891884082485146,1.791759469228055,0
13884,7,5,787.6,6.670259221443527,1.791759469228055,0
13885,189,2,506.8,6.230087669270578,1.0986122886681098,0
13886,71,1,243.56,5.499460677582579,0.6931471805599453,0
13887,204,1,349.55,5.859503349652977,0.6931471805599453,0
13888,120,2,595.67,6.391364196743265,1.0986122886681098,0
13889,93,1,416.90000000000003,6.03524216945387,0.6931471805599453,0
13890,1,10,1883.8100000000002,7.54158229904591,2.3978952727983707,0
13892,27,4,632.97,6.4520016347056774,1.6094379124341003,0
13893,298,1,821.1,6.711862042158088,0.6931471805599453,0
13894,24,3,564.62,6.337922474636114,1.3862943611198906,0
13895,28,4,2593.07,7.860983349863101,1.6094379124341003,0
13897,50,1,311.16,5.743515876874802,0.6931471805599453,0
13898,326,1,155.93,5.055799846050629,0.6931471805599453,0
13899,16,2,388.52,5.9649152118744455,1.0986122886681098,0
13900,183,3,740.95,6.609281855452135,1.3862943611198906,0
13901,72,5,2867.2,7.961439934295112,1.791759469228055,0
13904,37,2,332.64,5.810062567373411,1.0986122886681098,0
13908,80,4,2369.55,7.770877274716226,1.6094379124341003,0
13911,57,9,2580.91,7.856284714098846,2.302585092994046,0
13914,12,2,626.45,6.441663986556317,1.0986122886681098,0
13917,50,2,272.04,5.609618304598452,1.0986122886681098,0
13918,50,2,1212.8400000000001,7.101544167216986,1.0986122886681098,0
13919,59,2,384.81,5.955345020301596,1.0986122886681098,0
13922,352,1,172.25,5.1547356380700124,0.6931471805599453,0
13923,54,1,351.13,5.864000425598742,0.6931471805599453,0
13924,2,6,1838.8500000000001,7.517439325540823,1.9459101490553132,0
13925,93,4,678.25,6.520989248306457,1.6094379124341003,0
13926,23,1,223.85000000000002,5.415433513216716,0.6931471805599453,0
13927,75,1,348.99,5.857904582646717,0.6931471805599453,0
13928,11,4,464.57,6.143262461351643,1.6094379124341003,0
13929,169,2,842.65,6.737737716644347,1.0986122886681098,0
13930,58,2,337.34,5.824051307047146,1.0986122886681098,0
13931,96,2,1237.53,7.121680471486267,1.0986122886681098,0
13932,295,1,307.4,5.731397641689174,0.6931471805599453,0
13933,109,2,608.7900000000001,6.413114635600407,1.0986122886681098,0
13934,264,1,922.1,6.8277375709961055,0.6931471805599453,0
13936,180,1,376.58,5.933782466766897,0.6931471805599453,0
13937,169,1,158.85,5.074235875505851,0.6931471805599453,0
13938,35,1,71.66,4.2857910267930555,0.6931471805599453,0
13939,23,3,568.55,6.344846575345921,1.3862943611198906,0
13940,17,4,839.14,6.73356854461668,1.6094379124341003,0
13941,22,5,5112.96,8.539729334154528,1.791759469228055,0
13946,79,3,561.5699999999999,6.332515570780452,1.3862943611198906,0
13947,65,1,90.6,4.517431271680085,0.6931471805599453,0
13948,361,1,102.0,4.634728988229636,0.6931471805599453,0
13949,3,6,2427.32,7.794954939211736,1.9459101490553132,0
13950,11,4,745.06,6.61480602592395,1.6094379124341003,0
13951,176,3,674.45,6.5153791354156905,1.3862943611198906,0
13952,218,2,3251.071,8.087047303147697,1.0986122886681098,0
13953,7,7,3515.68,8.16527264169811,2.0794415416798357,0
13954,2,2,439.92,6.088863453095115,1.0986122886681098,0
13955,154,2,322.96,5.780620051380789,1.0986122886681098,0
13956,5,5,1019.27,6.927822577132249,1.791759469228055,0
13959,79,3,594.04,6.388628630176759,1.3862943611198906,0
13960,21,2,230.22,5.443369638247176,1.0986122886681098,0
13962,22,2,169.55,5.139028508864655,1.0986122886681098,0
13963,308,4,664.54,6.500598741212994,1.6094379124341003,0
13967,146,1,80.7,4.403054001865957,0.6931471805599453,0
13969,7,18,9024.17,9.107772619588772,2.9444389791664403,0
13971,19,8,2758.26,7.922717806819661,2.1972245773362196,0
13972,71,2,190.25,5.253581472706645,1.0986122886681098,0
13973,287,1,264.7,5.582367852765768,0.6931471805599453,0
13974,49,1,413.59000000000003,6.027290080077415,0.6931471805599453,0
13975,31,6,2461.2400000000002,7.808826783715542,1.9459101490553132,0
13976,207,1,357.98,5.8832666766299955,0.6931471805599453,0
13978,15,2,196.79000000000002,5.287205861793318,1.0986122886681098,0
13979,73,1,869.87,6.769492711981713,0.6931471805599453,0
13980,60,1,200.14,5.304001183016334,0.6931471805599453,0
13982,39,4,1871.81,7.535195255760907,1.6094379124341003,0
13983,30,12,2603.43,7.864969120264265,2.5649493574615367,0
13984,27,5,920.51,6.8260136289229445,1.791759469228055,0
13985,4,15,7060.13,8.862360374336811,2.772588722239781,0
13986,17,1,320.46,5.7728731191409945,0.6931471805599453,0
13988,20,6,4147.96,8.330612979409075,1.9459101490553132,0
13989,66,2,1266.08,7.144470319606423,1.0986122886681098,0
13990,213,1,311.3,5.7439642642890325,0.6931471805599453,0
13991,12,6,852.88,6.749790668692898,1.9459101490553132,0
13992,30,1,76.8,4.354141431184346,0.6931471805599453,0
13993,43,9,3466.36,8.151148776464021,2.302585092994046,0
13994,4,6,2274.14,7.729796867953175,1.9459101490553132,0
13995,15,5,1393.69,7.240427447338227,1.791759469228055,0
13999,10,12,3901.81,8.269452085493503,2.5649493574615367,0
14000,211,1,635.66,6.456235761113554,0.6931471805599453,0
14001,46,3,2043.0800000000002,7.622703089500935,1.3862943611198906,0
14002,134,2,529.73,6.274253417348632,1.0986122886681098,0
14004,43,7,4582.64,8.430248721279204,2.0794415416798357,0
14005,10,5,2874.72,7.964058356660503,1.791759469228055,0
14006,116,3,962.19,6.870250692440862,1.3862943611198906,0
14009,198,2,695.61,6.546225713269575,1.0986122886681098,0
14012,278,1,328.8,5.7984864101254985,0.6931471805599453,0
14013,110,3,473.02,6.161249514897758,1.3862943611198906,0
14014,77,1,505.18,6.226892337255411,0.6931471805599453,0
14015,53,1,917.34,6.8225676924206855,0.6931471805599453,0
14016,162,4,4341.21,8.376138714077541,1.6094379124341003,0
14019,47,3,1421.61,7.260248491657529,1.3862943611198906,0
14020,17,2,642.8,6.467388118864708,1.0986122886681098,0
14021,155,3,631.9,6.45031243178126,1.3862943611198906,0
14022,225,1,440.0,6.089044875446846,0.6931471805599453,0
14023,7,2,584.07,6.371731498193053,1.0986122886681098,0
14024,122,2,327.7,5.795145480670174,1.0986122886681098,0
14027,61,1,104.82,4.661739537475985,0.6931471805599453,0
14029,63,2,467.66,6.149877558850261,1.0986122886681098,0
14030,18,8,2358.84,7.766349099111192,2.1972245773362196,0
14031,7,19,17286.86,9.757759800051202,2.995732273553991,0
14032,2,11,2975.59,7.998533628991687,2.4849066497880004,0
14034,22,3,648.89,6.476803117799309,1.3862943611198906,0
14035,29,5,1428.02,7.264744173633186,1.791759469228055,0
14036,285,1,626.65,6.441982686264217,0.6931471805599453,0
14037,176,2,147.20000000000002,4.998562712861987,1.0986122886681098,0
14038,78,3,1560.38,7.353325324586606,1.3862943611198906,0
14039,33,1,152.2,5.0317442573064906,0.6931471805599453,0
14040,41,12,3560.32,8.177886541638598,2.5649493574615367,0
14041,266,1,141.41,4.958710221231336,0.6931471805599453,0
14044,27,4,646.42,6.472995233816948,1.6094379124341003,0
14045,109,4,1659.75,7.415024586545351,1.6094379124341003,0
14046,284,1,154.99,5.049791902630777,0.6931471805599453,0
14047,9,5,1308.6100000000001,7.177484661947137,1.791759469228055,0
14048,305,1,409.93,6.018422883689063,0.6931471805599453,0
14049,17,4,5578.72,8.626893874904868,1.6094379124341003,0
14050,32,2,746.36,6.616546996753798,1.0986122886681098,0
14051,1,23,15610.390000000001,9.655756055028828,3.1780538303479458,0
14052,20,1,225.36,5.422126652274323,0.6931471805599453,0
14053,124,2,260.25,5.565477803279021,1.0986122886681098,0
14054,65,1,92.46,4.53753353727228,0.6931471805599453,0
14055,106,1,725.6400000000001,6.588431169193958,0.6931471805599453,0
14056,1,23,8152.71,9.006228317380044,3.1780538303479458,0
14057,24,17,6211.66,8.734344424600405,2.8903717578961645,0
14059,267,1,183.6,5.218191322068752,0.6931471805599453,0
14060,5,19,6140.42,8.722811264760628,2.995732273553991,0
14062,10,12,10464.85,9.255872854706382,2.5649493574615367,0
14064,29,5,1334.34,7.1969412200564244,1.791759469228055,0
14066,267,1,152.55,5.034026246886832,0.6931471805599453,0
14067,64,2,374.7,5.928790952579924,1.0986122886681098,0
14068,320,1,265.85,5.586686702779954,0.6931471805599453,0
14071,4,8,1437.57,7.271404843608142,2.1972245773362196,0
14073,32,1,151.04,5.024143644121048,0.6931471805599453,0
14075,5,3,942.26,6.849341960431477,1.3862943611198906,0
14076,129,1,118.67,4.784737954585425,0.6931471805599453,0
14077,41,5,499.41999999999996,6.2154477458196355,1.791759469228055,0
14078,102,6,1049.37,6.956897762032364,1.9459101490553132,0
14079,125,1,375.1,5.929855065476291,0.6931471805599453,0
14080,33,1,45.599999999999994,3.8416005411316,0.6931471805599453,0
14081,302,2,921.62,6.827217448755657,1.0986122886681098,0
14082,365,1,182.25,5.2108513407667605,0.6931471805599453,0
14083,4,9,1002.9,6.911647693697481,2.302585092994046,0
14085,2,18,4421.29,8.394412940452025,2.9444389791664403,0
14087,3,1,191.47,5.259940297427033,0.6931471805599453,0
14088,10,13,50491.81,10.829586228889369,2.6390573296152584,0
14089,57,1,158.75,5.073610093257644,0.6931471805599453,0
14090,325,1,76.32000000000001,4.34795265434013,0.6931471805599453,0
14092,8,14,4076.91,8.313339881248881,2.70805020110221,0
14093,12,1,433.86,6.075024140206913,0.6931471805599453,0
14096,4,17,65164.79,11.084689916963537,2.8903717578961645,1
14098,37,1,147.35,4.999574346736831,0.6931471805599453,0
14099,16,11,3104.17,8.040823743271407,2.4849066497880004,0
14100,138,1,191.95000000000002,5.262431087983628,0.6931471805599453,0
14101,74,6,5976.79,8.695806213421232,1.9459101490553132,0
14102,5,5,1105.8799999999999,7.009300525748804,1.791759469228055,0
14104,155,2,216.20999999999998,5.380864627515602,1.0986122886681098,0
14105,239,1,1266.23,7.144588695022355,0.6931471805599453,0
14107,52,7,2703.23,7.902572492717126,2.0794415416798357,0
14108,31,2,597.91,6.395111336409363,1.0986122886681098,0
14109,73,1,144.2,4.978112102390695,0.6931471805599453,0
14110,4,12,5683.15,8.645436878735076,2.5649493574615367,0
14111,14,4,692.85,6.54225579881702,1.6094379124341003,0
14112,23,7,2915.15,7.978019532134758,2.0794415416798357,0
14113,4,4,1840.42,7.518292292095946,1.6094379124341003,0
14114,274,2,386.53,5.959793265151517,1.0986122886681098,0
14116,20,5,1382.74,7.2325452572578,1.791759469228055,0
14117,144,1,90.0,4.51085950651685,0.6931471805599453,0
14121,4,4,2780.15,7.930619790211972,1.6094379124341003,0
14124,84,1,419.58000000000004,6.041634711020558,0.6931471805599453,0
14125,11,3,2720.63,7.908986244508535,1.3862943611198906,0
14126,8,3,706.1300000000001,6.56121452452395,1.3862943611198906,0
14127,123,3,709.71,6.566264470368445,1.3862943611198906,0
14128,61,2,637.5,6.459121675472594,1.0986122886681098,0
14129,2,5,1123.8600000000001,7.025413862450224,1.791759469228055,0
14130,319,1,480.91,6.177757374624178,0.6931471805599453,0
14132,2,11,3586.0299999999997,8.185079841032296,2.4849066497880004,0
14133,130,3,605.64,6.4079355343926805,1.3862943611198906,0
14135,2,15,4690.31,8.453467140135627,2.772588722239781,0
14138,2,2,965.8800000000001,6.874074392613249,1.0986122886681098,0
14139,46,1,415.82,6.032654473932845,0.6931471805599453,0
14140,4,2,935.05,6.841668893854277,1.0986122886681098,0
14141,3,4,915.13,6.820158276001622,1.6094379124341003,0
14142,373,1,311.81,5.745595977469612,0.6931471805599453,0
14143,134,1,115.8,4.760463070394127,0.6931471805599453,0
14145,47,4,3742.2,8.227696139552007,1.6094379124341003,0
14146,9,5,4191.0,8.340933226000878,1.791759469228055,0
14147,78,2,483.4,6.182911011678937,1.0986122886681098,0
14148,234,1,157.2,5.063860055333554,0.6931471805599453,0
14149,221,1,446.62,6.103944658191983,0.6931471805599453,0
14150,36,2,658.64,6.49169423166057,1.0986122886681098,0
14152,75,2,621.29,6.433406222026163,1.0986122886681098,0
14154,239,2,1345.62,7.205353028221294,1.0986122886681098,0
14155,266,1,118.75,4.785406236291025,0.6931471805599453,0
14156,10,55,117210.08,11.671731690905643,4.02535169073515,1
14157,20,2,424.89000000000004,6.054181096963448,1.0986122886681098,0
14158,40,1,507.66,6.231779816930511,0.6931471805599453,0
14159,20,11,4630.35,8.44060368125393,2.4849066497880004,0
14161,216,3,1097.6200000000001,7.001810125730978,1.3862943611198906,0
14162,174,2,289.36,5.67112153241664,1.0986122886681098,0
14163,87,4,2445.91,7.802581283035999,1.6094379124341003,0
14164,71,2,1631.77,7.398033237980444,1.0986122886681098,0
14165,276,1,120.44,4.79942031364732,0.6931471805599453,0
14167,39,4,562.59,6.334327036786916,1.6094379124341003,0
14171,98,1,363.79,5.899321845543751,0.6931471805599453,0
14173,11,4,450.84,6.1133281348648225,1.6094379124341003,0
14174,33,1,134.46,4.908676393786758,0.6931471805599453,0
14175,60,3,3222.3,8.078160958464125,1.3862943611198906,0
14176,297,4,576.9000000000001,6.359400843323733,1.6094379124341003,0
14177,86,4,549.46,6.310754292305705,1.6094379124341003,0
14178,9,7,1600.26,7.378546098312443,2.0794415416798357,0
14179,41,2,701.57,6.554745040371868,1.0986122886681098,0
14180,11,25,4748.52,8.465798839290947,3.258096538021482,0
14184,67,1,452.89,6.1178548779353035,0.6931471805599453,0
14185,331,1,197.65,5.291544482260608,0.6931471805599453,0
14188,31,6,2054.36,7.628206294069428,1.9459101490553132,0
14189,2,15,4654.08,8.44571437538519,2.772588722239781,0
14191,2,13,4684.76,8.452283401366893,2.6390573296152584,0
14193,68,2,853.39,6.750387764017586,1.0986122886681098,0
14194,5,21,11349.52,9.337018836838048,3.091042453358316,0
14195,202,2,1012.0,6.920671504248683,1.0986122886681098,0
14196,107,1,335.52,5.818657582682612,0.6931471805599453,0
14198,18,4,701.4,6.554503042320907,1.6094379124341003,0
14199,218,1,185.39999999999998,5.2278949022514904,0.6931471805599453,0
14201,60,7,747.44,6.617991040326031,2.0794415416798357,0
14204,2,1,150.61,5.021311434093491,0.6931471805599453,0
14205,17,2,466.7,6.147827064731841,1.0986122886681098,0
14206,239,1,328.15999999999997,5.796543954737512,0.6931471805599453,0
14208,95,1,151.74,5.0287371294602385,0.6931471805599453,0
14209,11,6,2073.43,7.637441696132993,1.9459101490553132,0
14210,106,6,1905.8400000000001,7.553202700664662,1.9459101490553132,0
14211,53,9,2241.1,7.715168205670426,2.302585092994046,0
14212,90,1,1070.48,6.976796149317125,0.6931471805599453,0
14214,31,5,1004.38,6.913120858480547,1.791759469228055,0
14215,12,6,1789.72,7.490373052597007,1.9459101490553132,0
14216,3,4,1839.3,7.517683880791149,1.6094379124341003,0
14217,2,17,2004.98,7.603887998382448,2.8903717578961645,0
14218,43,1,169.48000000000002,5.1386179877903615,0.6931471805599453,0
14219,4,1,89.94,4.510199948396864,0.6931471805599453,0
14220,247,2,632.4,6.45110213410454,1.0986122886681098,0
14221,42,9,3432.8,8.141422798643111,2.302585092994046,0
14222,177,1,683.17,6.528206424753791,0.6931471805599453,0
14223,92,3,991.13,6.89985414708588,1.3862943611198906,0
14224,110,4,1009.73,6.918428121038441,1.6094379124341003,0
14226,29,5,2214.79,7.703364278033695,1.791759469228055,0
14227,26,10,3350.96,8.117300528356548,2.3978952727983707,0
14229,52,3,1547.2,7.344848244770613,1.3862943611198906,0
14231,184,3,925.71,6.831640679513165,1.3862943611198906,0
14232,43,5,2048.07,7.625141310661702,1.791759469228055,0
14233,49,4,1462.72,7.288736419398735,1.6094379124341003,0
14234,22,4,754.12,6.626876677016689,1.6094379124341003,0
14235,75,5,3144.86,8.053842581674434,1.791759469228055,0
14236,81,2,490.86,6.198194123153937,1.0986122886681098,0
14237,373,1,161.0,5.087596335232384,0.6931471805599453,0
14238,326,1,146.85,4.996198246298486,0.6931471805599453,0
14239,43,11,2380.85,7.775632775640216,2.4849066497880004,0
14240,30,2,890.34,6.792725948397371,1.0986122886681098,0
14241,184,1,213.70000000000002,5.369241704884735,0.6931471805599453,0
14242,235,2,280.55,5.640310051700627,1.0986122886681098,0
14243,9,10,2588.77,7.859324347661553,2.3978952727983707,0
14245,220,2,1693.45,7.435113483382488,1.0986122886681098,0
14246,111,3,1474.06,7.296453945912696,1.3862943611198906,0
14247,278,1,136.76999999999998,4.925585628056507,0.6931471805599453,0
14248,318,1,302.58,5.715645167198713,0.6931471805599453,0
14250,7,3,1904.05,7.552263533935522,1.3862943611198906,0
14251,2,5,2879.7000000000003,7.965788599152331,1.791759469228055,0
14256,260,2,969.0600000000001,6.8773579252545485,1.0986122886681098,0
14257,64,5,3099.7200000000003,8.039389621570026,1.791759469228055,0
14258,9,9,12669.98,9.447069618390275,2.302585092994046,0
14259,142,1,120.0,4.795790545596741,0.6931471805599453,0
14261,51,2,1163.45,7.060004151519799,1.0986122886681098,0
14262,8,8,2618.23,7.870635660430322,2.1972245773362196,0
14264,155,2,333.97,5.814040975576219,1.0986122886681098,0
14265,109,2,530.18,6.275100946851013,1.0986122886681098,0
14267,163,3,1516.24,7.3246481738226015,1.3862943611198906,0
14270,332,1,492.65000000000003,6.201826764057459,0.6931471805599453,0
14271,226,1,112.32,4.730215674962316,0.6931471805599453,0
14272,74,2,437.96,6.0844082927507195,1.0986122886681098,0
14273,51,4,559.97,6.329667428156979,1.6094379124341003,0
14276,99,3,1119.74,7.021744460399267,1.3862943611198906,0
14277,15,3,4188.0,8.340217320947035,1.3862943611198906,0
14280,197,1,134.04,4.905571030847647,0.6931471805599453,0
14282,3,15,3701.44,8.216747340743936,2.772588722239781,0
14284,31,2,595.25,6.390660042202551,1.0986122886681098,0
14285,21,4,1910.01,7.555387177088957,1.6094379124341003,0
14286,24,3,4628.75,8.440258149942116,1.3862943611198906,0
14287,8,3,176.63,5.179702735211794,1.3862943611198906,0
14288,213,1,426.6,6.05818817915089,0.6931471805599453,0
14289,9,6,911.26,6.815925037163848,1.9459101490553132,0
14290,11,5,2314.65,7.747445704647496,1.791759469228055,0
14291,2,11,3883.25,8.264685193972111,2.4849066497880004,0
14292,8,9,4871.93,8.491450677872692,2.302585092994046,0
14293,3,4,1046.56,6.954218929392177,1.6094379124341003,0
14295,40,1,166.20000000000002,5.119190700650601,0.6931471805599453,0
14297,18,4,1305.33,7.174976957856922,1.6094379124341003,0
14298,8,44,51527.3,10.849886450287096,3.8066624897703196,1
14299,8,9,3965.62,8.285669625656425,2.302585092994046,0
14300,19,1,43.2,3.7887247890836524,0.6931471805599453,0
14301,117,1,640.14,6.463247841809304,0.6931471805599453,0
14304,223,1,383.45,5.9518137414781895,0.6931471805599453,0
14305,71,3,1858.96,7.528310261099659,1.3862943611198906,0
14306,51,2,2093.32,7.646984197329087,1.0986122886681098,0
14307,89,6,2995.72,8.005273636192019,1.9459101490553132,0
14309,8,9,2352.53,7.763671607732549,2.302585092994046,0
14311,243,1,310.26,5.740628575776864,0.6931471805599453,0
14312,47,6,1611.59,7.385596861065875,1.9459101490553132,0
14314,107,1,120.0,4.795790545596741,0.6931471805599453,0
14315,45,6,2481.13,7.816872341508149,1.9459101490553132,0
14317,65,1,508.58000000000004,6.233586857019973,0.6931471805599453,0
14320,207,2,477.79,6.17126208791851,1.0986122886681098,0
14321,11,5,1530.75,7.334166151605764,1.791759469228055,0
14323,115,2,605.0600000000001,6.406978991069148,1.0986122886681098,0
14326,242,1,183.85,5.219544685382641,0.6931471805599453,0
14327,163,1,311.65,5.745084354013307,0.6931471805599453,0
14329,17,7,4975.24,8.512429864767167,2.0794415416798357,0
14331,124,2,462.65999999999997,6.139151525006747,1.0986122886681098,0
14332,23,3,840.21,6.734841331537249,1.3862943611198906,0
14333,68,1,415.2,6.031165913959534,0.6931471805599453,0
14334,17,8,2552.21,7.845106670027843,2.1972245773362196,0
14335,16,2,454.86,6.1221857448309915,1.0986122886681098,0
14336,17,4,1614.91,7.387653544460817,1.6094379124341003,0
14338,161,2,588.22,6.3787996283436765,1.0986122886681098,0
14339,243,1,309.52,5.73824831153748,0.6931471805599453,0
14340,219,1,134.7,4.9104465668408235,0.6931471805599453,0
14341,45,8,2166.98,7.6815511374247345,2.1972245773362196,0
14342,21,4,668.5600000000001,6.506620780234419,1.6094379124341003,0
14344,127,8,889.9300000000001,6.7922658609726465,2.1972245773362196,0
14345,39,1,108.97999999999999,4.700298531079668,0.6931471805599453,0
14346,121,2,1021.58,6.9300841244652,1.0986122886681098,0
14348,260,1,409.57,6.017546438106483,0.6931471805599453,0
14349,10,1,133.5,4.901564199041894,0.6931471805599453,0
14350,274,1,282.93,5.6487277289070565,0.6931471805599453,0
14351,165,1,51.0,3.9512437185814275,0.6931471805599453,0
14352,157,4,1078.96,6.984679282395341,1.6094379124341003,0
14353,215,1,90.6,4.517431271680085,0.6931471805599453,0
14354,6,2,163.62,5.103639787544498,1.0986122886681098,0
14355,366,1,174.4,5.1670690799380825,0.6931471805599453,0
14356,80,2,701.23,6.5542609856927125,1.0986122886681098,0
14357,43,1,225.12,5.42106583180709,0.6931471805599453,0
14359,19,3,912.18,6.816933013408364,1.3862943611198906,0
14360,32,4,2118.03,7.658713715789601,1.6094379124341003,0
14362,22,1,151.5,5.0271645960474665,0.6931471805599453,0
14364,109,8,3717.35,8.221035300483413,2.1972245773362196,0
14367,8,16,9227.82,9.13008647533716,2.833213344056216,0
14368,320,1,155.0,5.049856007249537,0.6931471805599453,0
14371,295,1,100.5,4.620058798481842,0.6931471805599453,0
14373,358,1,76.55,4.350922889622548,0.6931471805599453,0
14375,185,1,235.56,5.466201875544222,0.6931471805599453,0
14377,191,2,617.05,6.426569360333832,1.0986122886681098,0
14379,44,2,348.1,5.855358414110991,1.0986122886681098,0
14381,52,1,202.68,5.316550134809097,0.6931471805599453,0
14382,26,1,615.49,6.424042101872682,0.6931471805599453,0
14383,38,3,1247.69,7.129850280760371,1.3862943611198906,0
14385,9,3,202.11,5.3137477042033945,1.3862943611198906,0
14386,297,1,142.4,4.96563792816552,0.6931471805599453,0
14387,33,3,1727.6,7.455067111318538,1.3862943611198906,0
14388,10,8,3212.84,8.07522176285542,2.1972245773362196,0
14389,65,2,1043.46,6.9512552844279885,1.0986122886681098,0
14390,10,9,4642.57,8.443238745938231,2.302585092994046,0
14393,218,1,67.95,4.233381604239311,0.6931471805599453,0
14395,2,9,3479.91,8.15504903283773,2.302585092994046,0
14396,65,2,487.99,6.192342039368019,1.0986122886681098,0
14397,3,19,2612.96,7.868621591848266,2.995732273553991,0
14400,149,1,574.7,6.355586691681764,0.6931471805599453,0
14401,4,13,4051.48,8.307084318372484,2.6390573296152584,0
14403,130,4,1475.81,7.297639635123279,1.6094379124341003,0
14404,34,6,1449.32,7.2795395007214125,1.9459101490553132,0
14406,119,1,156.75,5.061011501421323,0.6931471805599453,0
14407,107,6,2157.73,7.677275364797242,1.9459101490553132,0
14408,11,7,2599.03,7.8632782624045445,2.0794415416798357,0
14409,71,6,2059.4500000000003,7.630679684529584,1.9459101490553132,0
14410,92,9,1100.27,7.004219338265954,2.302585092994046,0
14411,311,1,1063.0,6.96979066990159,0.6931471805599453,0
14412,43,2,770.03,6.647727283312172,1.0986122886681098,0
14413,362,1,121.05,4.804430796838969,0.6931471805599453,0
14414,92,7,1496.98,7.311872812853191,2.0794415416798357,0
14415,1,13,5855.57,8.675319386969873,2.6390573296152584,0
14416,22,2,490.22,6.1968920926164115,1.0986122886681098,0
14418,4,3,1937.25,7.569540783099068,1.3862943611198906,0
14419,11,6,1051.79,6.959199062045698,1.9459101490553132,0
14420,99,1,387.52,5.962344648534129,0.6931471805599453,0
14421,57,2,813.11,6.702095492007746,1.0986122886681098,0
14422,1,6,4263.64,8.358113048391361,1.9459101490553132,0
14423,218,1,265.2,5.5842479059610115,0.6931471805599453,0
14424,18,1,322.08,5.777899970574095,0.6931471805599453,0
14426,24,10,4481.67,8.407974130025062,2.3978952727983707,0
14427,50,2,363.34000000000003,5.898087497602683,1.0986122886681098,0
14428,7,5,1224.06,7.110745101371203,1.791759469228055,0
14431,303,1,470.36,6.1556221332742656,0.6931471805599453,0
14432,10,6,2248.5,7.7184632482812265,1.9459101490553132,0
14434,22,6,1372.8,7.225335901779781,1.9459101490553132,0
14436,99,1,89.06,4.500476114873425,0.6931471805599453,0
14437,366,1,63.0,4.1588830833596715,0.6931471805599453,0
14438,306,1,131.9,4.8895969657192,0.6931471805599453,0
14439,320,1,2661.24,7.8869231526671975,0.6931471805599453,0
14440,8,5,2357.6800000000003,7.765857419506838,1.791759469228055,0
14441,1,4,1712.89,7.446520919735376,1.6094379124341003,0
14442,205,2,1589.82,7.372004885545176,1.0986122886681098,0
14443,54,4,1420.2,7.259256864146872,1.6094379124341003,0
14446,1,4,1010.35,6.9190413509991044,1.6094379124341003,0
14447,19,5,1163.23,7.059815203273879,1.791759469228055,0
14448,9,2,375.35,5.930519561480541,1.0986122886681098,0
14449,19,4,885.8,6.787619477742156,1.6094379124341003,0
14450,181,3,483.25,6.182601302287106,1.3862943611198906,0
14451,60,2,643.9,6.469095266016332,1.0986122886681098,0
14452,11,2,259.05,5.560873920219081,1.0986122886681098,0
14453,190,1,119.93,4.795211865797184,0.6931471805599453,0
14456,5,9,3017.28,8.012442411697599,2.302585092994046,0
14457,311,1,113.64,4.741796783519916,0.6931471805599453,0
14459,155,1,1837.92,7.516933721754878,0.6931471805599453,0
14460,110,3,434.34,6.076127334986691,1.3862943611198906,0
14461,148,3,2103.06,7.651624090561262,1.3862943611198906,0
14462,66,11,1980.57,7.591644738779161,2.4849066497880004,0
14463,98,3,529.62,6.2740461341708045,1.3862943611198906,0
14465,247,3,1038.44,6.946437385574481,1.3862943611198906,0
14466,29,7,2272.4,7.72903178725261,2.0794415416798357,0
14467,18,4,596.26,6.392352529473033,1.6094379124341003,0
14470,12,2,461.19,6.135976061950666,1.0986122886681098,0
14472,104,8,1852.67,7.524922736755564,2.1972245773362196,0
14473,74,2,234.34000000000003,5.461031277035783,1.0986122886681098,0
14474,46,1,547.66,6.3074789418267985,0.6931471805599453,0
14475,72,3,925.85,6.831791740175098,1.3862943611198906,0
14476,257,1,193.0,5.267858159063328,0.6931471805599453,0
14477,20,4,1309.6,7.178240326605397,1.6094379124341003,0
14479,254,2,316.25,5.759690106594497,1.0986122886681098,0
14480,11,1,279.05,5.634968158655841,0.6931471805599453,0
14481,165,2,636.51,6.457569963184063,1.0986122886681098,0
14482,18,6,2022.81,7.6127371524831755,1.9459101490553132,0
14483,282,1,137.1,4.9279780604152466,0.6931471805599453,0
14484,50,1,321.92,5.777404614526815,0.6931471805599453,0
14485,39,1,162.8,5.098646171418969,0.6931471805599453,0
14487,27,6,1165.48,7.06174594600803,1.9459101490553132,0
14488,68,1,1064.28,6.97099295438666,0.6931471805599453,0
14489,207,1,463.38,6.14070318257422,0.6931471805599453,0
14491,175,2,340.93,5.834606037750557,1.0986122886681098,0
14493,7,5,2383.2400000000002,7.7766356942591806,1.791759469228055,0
14494,26,1,139.56,4.945634443878841,0.6931471805599453,0
14495,51,2,123.8,4.826712455935327,1.0986122886681098,0
14496,312,2,538.8100000000001,6.2912172257920815,1.0986122886681098,0
14497,309,1,475.37,6.166194863206115,0.6931471805599453,0
14498,43,5,1957.32,7.579842241810434,1.791759469228055,0
14499,26,3,808.44,6.696342650543626,1.3862943611198906,0
14500,88,3,356.85,5.880113904184607,1.3862943611198906,0
14501,184,2,251.21,5.530262073815315,1.0986122886681098,0
14502,20,11,2429.83,7.795988041800972,2.4849066497880004,0
14503,3,6,3543.26,8.173084672465158,1.9459101490553132,0
14504,47,4,673.26,6.513615793203887,1.6094379124341003,0
14505,17,8,5859.43,8.675978258718553,2.1972245773362196,0
14506,17,5,1960.65,7.5815412348134545,1.791759469228055,0
14507,24,6,1367.88,7.221748166223715,1.9459101490553132,0
14508,22,2,268.05,5.594897235935429,1.0986122886681098,0
14511,11,5,1314.81,7.182207724562218,1.791759469228055,0
14512,188,2,275.28,5.621414844220772,1.0986122886681098,0
14513,101,3,455.59000000000003,6.1237858328484185,1.3862943611198906,0
14514,61,3,990.2,6.898916330314933,1.3862943611198906,0
14515,18,6,2076.89,7.63910823474312,1.9459101490553132,0
14517,33,2,330.45,5.8034769686874,1.0986122886681098,0
14518,64,1,174.37,5.166898027681201,0.6931471805599453,0
14520,2,2,270.6,5.604330395684541,1.0986122886681098,0
14522,24,4,974.54,6.882991163835519,1.6094379124341003,0
14523,108,1,241.09,5.489309557845162,0.6931471805599453,0
14524,32,9,1843.83,7.520142411307983,2.302585092994046,0
14525,20,9,4215.9,8.346855539924958,2.302585092994046,0
14527,3,55,8507.13,9.048777455940112,4.02535169073515,0
14528,37,1,364.21999999999997,5.900499911733888,0.6931471805599453,0
14529,60,3,578.61,6.362355463575814,1.3862943611198906,0
14530,26,6,2862.11,7.959663725596504,1.9459101490553132,0
14532,236,4,932.85,6.839315825759616,1.6094379124341003,0
14533,25,7,1949.72,7.575953814178117,2.0794415416798357,0
14534,3,18,4397.3,8.38897338161233,2.9444389791664403,0
14535,60,3,2854.84,7.957121299481198,1.3862943611198906,0
14536,260,1,170.95,5.147203736878275,0.6931471805599453,0
14537,58,1,355.56,5.876502528638301,0.6931471805599453,0
14538,65,2,388.25,5.964221810714108,1.0986122886681098,0
14539,16,2,537.48,6.288750355702458,1.0986122886681098,0
14540,10,3,952.66,6.860307213794826,1.3862943611198906,0
14541,59,8,1453.35,7.282314344394418,2.1972245773362196,0
14542,186,1,103.25,4.646791860678911,0.6931471805599453,0
14543,29,16,3599.73,8.188891881665345,2.833213344056216,0
14544,24,2,2004.3,7.603548954482988,1.0986122886681098,0
14546,5,5,2573.93,7.853577628262313,1.791759469228055,0
14547,4,8,3974.75,8.287968688536026,2.1972245773362196,0
14548,151,2,652.8,6.48280149429011,1.0986122886681098,0
14549,311,1,289.24,5.670708166926771,0.6931471805599453,0
14550,11,2,757.37,6.631171393196389,1.0986122886681098,0
14551,18,2,186.23,5.232337807614061,1.0986122886681098,0
14552,152,1,164.22,5.10727791913436,0.6931471805599453,0
14553,19,5,859.27,6.757246293462842,1.791759469228055,0
14554,10,4,2279.4900000000002,7.7321456111388525,1.6094379124341003,0
14555,57,2,312.54,5.747926943640385,1.0986122886681098,0
14557,85,1,788.38,6.671247827209794,0.6931471805599453,0
14560,7,22,2237.77,7.71368188689169,3.1354942159291497,0
14561,76,3,1080.76,6.986344623342368,1.3862943611198906,0
14562,4,18,5006.77,8.518745985207708,2.9444389791664403,0
14565,96,4,3099.12,8.039196099401456,1.6094379124341003,0
14566,111,1,1432.0,7.267525427828172,0.6931471805599453,0
14567,57,2,1530.3600000000001,7.3339115084475965,1.0986122886681098,0
14569,1,1,227.39,5.431054693986231,0.6931471805599453,0
14570,281,2,218.06,5.3893456648956,1.0986122886681098,0
14572,3,7,2804.54,7.93935131279746,2.0794415416798357,0
14573,180,9,1639.82,7.402951395859895,2.302585092994046,0
14576,372,1,35.400000000000006,3.594568774642695,0.6931471805599453,0
14577,13,4,859.71,6.757757630038034,1.6094379124341003,0
14578,3,1,168.63,5.133619594507631,0.6931471805599453,0
14581,17,1,138.6,4.938781190328272,0.6931471805599453,0
14582,41,1,114.11,4.74588819292697,0.6931471805599453,0
14583,6,5,986.96,6.895642211098335,1.791759469228055,0
14584,169,4,1033.06,6.941248080464172,1.6094379124341003,0
14585,50,1,157.05,5.062911438661627,0.6931471805599453,0
14586,277,1,237.36,5.473782135878778,0.6931471805599453,0
14587,19,9,1580.29,7.365996248598568,2.302585092994046,0
14589,372,1,39.75,3.7074558396868715,0.6931471805599453,0
14591,15,4,1320.21,7.18630326236477,1.6094379124341003,0
14592,35,3,557.94,6.326042132868397,1.3862943611198906,0
14593,22,3,617.15,6.426731146452936,1.3862943611198906,0
14594,7,2,363.33,5.898060050335743,1.0986122886681098,0
14595,20,6,1740.6,7.462559509920338,1.9459101490553132,0
14597,11,2,866.24,6.76531575508289,1.0986122886681098,0
14598,44,1,221.97,5.40703723326228,0.6931471805599453,0
14600,306,1,393.33000000000004,5.977188122189173,0.6931471805599453,0
14601,11,1,213.96,5.370451964307236,0.6931471805599453,0
14603,275,1,660.0,6.493753839851686,0.6931471805599453,0
14606,1,93,12076.15,9.399070516501299,4.543294782270004,1
14607,16,14,16209.5,9.69341445941133,2.70805020110221,0
14608,4,4,1785.15,7.48781774447192,1.6094379124341003,0
14609,72,4,601.56,6.401187245468788,1.6094379124341003,0
14616,243,3,406.08000000000004,6.009009726323731,1.3862943611198906,0
14618,9,3,553.44,6.317958595345153,1.3862943611198906,0
14619,246,1,394.44,5.979999068998704,0.6931471805599453,0
14620,206,2,412.78000000000003,6.0253344316155975,1.0986122886681098,0
14621,1,5,1788.3600000000001,7.489613293002015,1.791759469228055,0
14622,185,1,320.58000000000004,5.773246346316266,0.6931471805599453,0
14623,32,5,886.7,6.788633848074274,1.791759469228055,0
14624,57,2,225.85,5.424289006109973,1.0986122886681098,0
14625,196,2,899.63,6.803094518438584,1.0986122886681098,0
14626,24,4,2791.27,7.934610164077709,1.6094379124341003,0
14628,91,2,671.96,6.511685892514335,1.0986122886681098,0
14629,4,2,955.26,6.863029842602406,1.0986122886681098,0
14631,51,3,1006.98,6.915703607164632,1.3862943611198906,0
14632,263,1,114.56,4.749789875598035,0.6931471805599453,0
14633,266,1,344.90000000000003,5.846149715943123,0.6931471805599453,0
14636,36,2,609.85,6.414851429850069,1.0986122886681098,0
14638,51,1,443.6,6.097175001530096,0.6931471805599453,0
14639,52,6,2984.49,8.001519166458744,1.9459101490553132,0
14640,24,6,2107.38,7.653675159070001,1.9459101490553132,0
14641,22,1,110.46,4.7136657821413905,0.6931471805599453,0
14642,59,1,96.12,4.575947327311188,0.6931471805599453,0
14643,170,2,693.8100000000001,6.54363842689435,1.0986122886681098,0
14644,68,2,830.76,6.723543937669715,1.0986122886681098,0
14645,157,2,597.09,6.393741244298632,1.0986122886681098,0
14646,2,73,280206.02,12.5432839661044,4.30406509320417,1
14647,201,1,236.04000000000002,5.4682289032653095,0.6931471805599453,0
14649,5,4,1402.59,7.246788519146775,1.6094379124341003,0
14651,67,2,653.75,6.484253483387821,1.0986122886681098,0
14652,77,1,114.18,4.7464961220785264,0.6931471805599453,0
14653,1,7,1926.65,7.56405692342126,2.0794415416798357,0
14655,8,4,1932.23,7.5669474581621285,1.6094379124341003,0
14656,169,2,291.05,5.676925020486318,1.0986122886681098,0
14657,18,4,848.22,6.744318281129723,1.6094379124341003,0
14658,5,2,247.15,5.51403340203345,1.0986122886681098,0
14659,9,9,2529.93,7.836342103110113,2.302585092994046,0
14660,87,2,285.74,5.6585758818181215,1.0986122886681098,0
14661,27,1,107.95,4.690889061390629,0.6931471805599453,0
14662,29,4,741.37,6.609847771172747,1.6094379124341003,0
14664,20,2,636.24,6.4571463507046944,1.0986122886681098,0
14665,61,5,1835.7,7.5157257621344895,1.791759469228055,0
14666,24,1,195.25,5.279389356662517,0.6931471805599453,0
14667,11,25,9175.04,9.124351017997613,3.258096538021482,0
14669,242,3,1259.24,7.139057457997714,1.3862943611198906,0
14670,280,2,392.86,5.97599551620405,1.0986122886681098,0
14672,235,2,765.55,6.641899927756463,1.0986122886681098,0
14673,3,5,1736.4,7.46014502182582,1.791759469228055,0
14675,16,1,596.36,6.392519946727447,0.6931471805599453,0
14676,31,6,2548.2400000000002,7.843550554514272,1.9459101490553132,0
14680,25,16,28754.11,10.266570769562204,2.833213344056216,0
14681,71,3,498.95,6.214508093421858,1.3862943611198906,0
14682,188,2,52.0,3.970291913552122,1.0986122886681098,0
14684,26,5,1201.51,7.092166317953654,1.791759469228055,0
14687,107,1,628.38,6.444735207830545,0.6931471805599453,0
14688,8,21,5579.1,8.626961976361729,3.091042453358316,0
14689,209,1,112.8,4.73444252169223,0.6931471805599453,0
14690,44,2,355.05,5.875071170428134,1.0986122886681098,0
14691,31,5,2114.33,7.656966107678013,1.791759469228055,0
14692,137,4,591.55,6.384435257634458,1.6094379124341003,0
14693,265,1,172.9,5.158480421360237,0.6931471805599453,0
14696,4,7,2078.95,7.640099133944896,2.0794415416798357,0
14697,218,2,188.60999999999999,5.2449693310461125,1.0986122886681098,0
14698,2,5,1217.27,7.105187098580444,1.791759469228055,0
14699,214,1,109.13000000000001,4.701661486176853,0.6931471805599453,0
14700,32,3,2195.1,7.694438338933248,1.3862943611198906,0
14701,11,9,2526.09,7.834823722108157,2.302585092994046,0
14702,1,17,3251.79,8.087268368594886,2.8903717578961645,0
14703,15,1,318.17,5.765723876196384,0.6931471805599453,0
14704,11,9,1493.96,7.309854729614,2.302585092994046,0
14705,199,1,179.0,5.19295685089021,0.6931471805599453,0
14708,3,3,1126.37,7.027642765394543,1.3862943611198906,0
14709,15,13,4921.04,8.501478357695712,2.6390573296152584,0
14710,14,4,599.48,6.39772933538671,1.6094379124341003,0
14711,10,11,2839.62,7.951777617188277,2.4849066497880004,0
14712,29,3,917.07,6.822273640436711,1.3862943611198906,0
14713,9,11,2662.2,7.887283686260815,2.4849066497880004,0
14714,24,1,160.19,5.08258379340884,0.6931471805599453,0
14715,25,4,867.38,6.766629406877568,1.6094379124341003,0
14716,43,2,307.51,5.73175425773095,1.0986122886681098,0
14719,2,5,1581.84,7.366975980862403,1.791759469228055,0
14720,6,3,663.81,6.499501285546037,1.3862943611198906,0
14722,147,1,180.42000000000002,5.2008147851867985,0.6931471805599453,0
14723,10,6,1122.3600000000001,7.024079473268939,1.9459101490553132,0
14725,25,1,655.58,6.487044544658406,0.6931471805599453,0
14727,274,1,268.58,5.596865192310124,0.6931471805599453,0
14729,374,1,313.49,5.750952279132591,0.6931471805599453,0
14730,1,8,1897.57,7.548856250206247,2.1972245773362196,0
14731,47,3,380.02,5.942851867187289,1.3862943611198906,0
14732,8,8,2702.4900000000002,7.902298809906397,2.1972245773362196,0
14733,16,12,9585.91,9.168153905320404,2.5649493574615367,0
14735,4,32,6065.69,8.710568430543226,3.4965075614664802,0
14737,4,3,1164.55,7.060948357598531,1.3862943611198906,0
14738,43,7,1314.45,7.181934091396172,2.0794415416798357,0
14739,4,7,3902.28,8.269572504294867,2.0794415416798357,0
14740,197,3,1448.21,7.278773859355933,1.3862943611198906,0
14741,12,6,1400.34,7.245184200691345,1.9459101490553132,0
14744,16,7,1099.98,7.00395597125342,2.0794415416798357,0
14745,113,5,1220.26,7.107638391655096,1.791759469228055,0
14747,249,1,328.2,5.796665468802915,0.6931471805599453,0
14748,29,5,1415.75,7.256120795049728,1.791759469228055,0
14752,44,1,389.64,5.967786419753405,0.6931471805599453,0
14753,87,1,563.15,6.335320173584455,0.6931471805599453,0
14754,45,2,638.05,6.459982698577723,1.0986122886681098,0
14755,10,11,5010.28,8.519446650469105,2.4849066497880004,0
14756,15,1,738.96,6.606596130683188,0.6931471805599453,0
14757,75,1,420.5,6.04381977744191,0.6931471805599453,0
14758,145,4,1484.06,7.303210454460983,1.6094379124341003,0
14759,5,3,1625.97,7.394474668204541,1.3862943611198906,0
14760,297,1,89.2,4.502029427068578,0.6931471805599453,0
14761,59,2,255.9,5.548686904115838,1.0986122886681098,0
14762,264,1,300.52,5.70883634895888,0.6931471805599453,0
14764,47,1,278.3,5.632286472951131,0.6931471805599453,0
14765,29,3,254.11,5.541694824693056,1.3862943611198906,0
14766,8,6,2473.37,7.813741097146052,1.9459101490553132,0
14768,17,2,192.60000000000002,5.265794174842477,1.0986122886681098,0
14769,3,8,10416.98,9.251288438549023,2.1972245773362196,0
14770,232,2,876.42,6.7769857830927895,1.0986122886681098,0
14772,112,1,139.26,4.943497843108764,0.6931471805599453,0
14775,58,3,1011.9,6.9205727826927514,1.3862943611198906,0
14776,51,11,2538.3,7.839643731479347,2.4849066497880004,0
14778,127,2,730.86,6.595589238838791,1.0986122886681098,0
14779,281,3,386.15,5.958812214832733,1.3862943611198906,0
14780,55,2,447.68,6.106309938777023,1.0986122886681098,0
14782,320,1,200.10000000000002,5.303802296778606,0.6931471805599453,0
14784,26,2,289.99,5.673288902319859,1.0986122886681098,0
14785,10,2,77.4,4.361823927356363,1.0986122886681098,0
14788,7,2,679.4399999999999,6.522739647741382,1.0986122886681098,0
14789,29,1,197.64,5.2914941411999115,0.6931471805599453,0
14790,17,4,745.06,6.61480602592395,1.6094379124341003,0
14792,64,1,6.2,1.9740810260220096,0.6931471805599453,0
14793,21,1,228.99,5.438035829717119,0.6931471805599453,0
14794,3,7,1319.91,7.186076171996967,2.0794415416798357,0
14795,166,1,131.45000000000002,4.886205215718078,0.6931471805599453,0
14796,1,17,7975.49,8.984253744057574,2.8903717578961645,0
14798,53,3,173.74,5.163299154869948,1.3862943611198906,0
14799,51,1,157.7,5.0670156275323635,0.6931471805599453,0
14800,48,12,4331.79,8.373966955298872,2.5649493574615367,0
14801,61,1,189.34,5.248811946644198,0.6931471805599453,0
14803,162,3,845.55,6.741169266574241,1.3862943611198906,0
14804,9,1,353.27,5.8700593342813,0.6931471805599453,0
14805,15,4,546.4,6.305179796606579,1.6094379124341003,0
14806,75,1,193.39000000000001,5.269866450374021,0.6931471805599453,0
14808,40,8,2718.6,7.908240089652304,2.1972245773362196,0
14810,41,11,2085.33,7.643161820556003,2.4849066497880004,0
14813,370,2,152.88,5.0361730778840945,1.0986122886681098,0
14815,37,2,778.5,6.658652688497831,1.0986122886681098,0
14816,197,1,271.85,5.608922193632241,0.6931471805599453,0
14817,200,2,1110.34,7.0133217734248765,1.0986122886681098,0
14818,74,3,657.8,6.490419998303485,1.3862943611198906,0
14819,64,2,272.07,5.609728172573878,1.0986122886681098,0
14820,21,4,507.29,6.231052150838124,1.6094379124341003,0
14821,367,1,48.800000000000004,3.9080149840306073,0.6931471805599453,0
14823,180,3,321.43,5.775886058412575,1.3862943611198906,0
14824,10,4,1127.71,7.028830666672488,1.6094379124341003,0
14825,4,12,2221.01,7.706167470639493,2.5649493574615367,0
14828,197,3,2139.76,7.668916185155464,1.3862943611198906,0
14829,29,4,697.55,6.549006758096496,1.6094379124341003,0
14830,53,1,188.88,5.246392293683117,0.6931471805599453,0
14834,18,6,1720.3,7.4508350982774605,1.9459101490553132,0
14836,10,3,102.44999999999999,4.639088404191552,1.3862943611198906,0
14837,90,4,1649.5,7.408833551293248,1.6094379124341003,0
14840,268,1,62.85,4.156536582478548,0.6931471805599453,0
14841,53,6,3295.76,8.10069544697357,1.9459101490553132,0
14842,44,4,2824.69,7.946507861544517,1.6094379124341003,0
14844,64,4,3189.81,8.068030082042343,1.6094379124341003,0
14847,149,1,309.4,5.737861788309064,0.6931471805599453,0
14849,22,25,7930.54,8.978602495018041,3.258096538021482,0
14850,312,1,325.75,5.789195352504331,0.6931471805599453,0
14851,23,2,511.35,6.239007985245727,1.0986122886681098,0
14852,58,6,2836.69,7.950745619900337,1.9459101490553132,0
14853,24,2,475.8,6.16709711575114,1.0986122886681098,0
14854,78,7,2740.03,7.916089041153508,2.0794415416798357,0
14855,119,2,645.65,6.471805189861254,1.0986122886681098,0
14856,36,3,1290.53,7.163582841069827,1.3862943611198906,0
14857,60,2,1173.12,7.068274209815247,1.0986122886681098,0
14859,13,4,1353.74,7.211364832983292,1.6094379124341003,0
14860,19,1,170.32,5.14353315274717,0.6931471805599453,0
14861,52,1,125.79,4.842532174539857,0.6931471805599453,0
14862,26,2,841.1999999999999,6.736017515727827,1.0986122886681098,0
14863,29,1,266.76,5.590091056903071,0.6931471805599453,0
14865,7,2,52.2,3.9740583963475986,1.0986122886681098,0
14866,11,12,14389.9,9.574351341358595,2.5649493574615367,0
14867,186,3,710.28,6.567066163812884,1.3862943611198906,0
14868,3,8,2953.59,7.99111517232888,2.1972245773362196,0
14869,9,2,721.45,6.5826482134396205,1.0986122886681098,0
14870,262,1,327.25,5.793775513182905,0.6931471805599453,0
14871,3,4,501.28000000000003,6.219157733120763,1.6094379124341003,0
14873,210,1,519.68,6.25513564959826,0.6931471805599453,0
14875,108,2,1465.3200000000002,7.290511139663592,1.0986122886681098,0
14878,13,9,1476.09,7.297829215001296,2.302585092994046,0
14880,77,3,690.59,6.5389932944796145,1.3862943611198906,0
14881,20,1,255.4,5.546738725046515,0.6931471805599453,0
14882,27,2,589.7,6.38130827431319,1.0986122886681098,0
14883,19,6,761.59,6.636720534303131,1.9459101490553132,0
14885,132,1,765.3199999999999,6.6415998370746365,0.6931471805599453,0
14886,253,1,364.8,5.9020867359567655,0.6931471805599453,0
14887,79,1,1862.0,7.529943370601589,0.6931471805599453,0
14888,207,1,369.2,5.914043400139397,0.6931471805599453,0
14889,336,1,135.9,4.919250732294404,0.6931471805599453,0
14890,254,1,125.65,4.841427376447684,0.6931471805599453,0
14891,148,2,554.38,6.319652564141498,1.0986122886681098,0
14893,10,2,1237.8500000000001,7.121938808924836,1.0986122886681098,0
14894,85,1,655.75,6.4873034285656495,0.6931471805599453,0
14895,8,20,11138.710000000001,9.31827148082645,3.044522437723423,0
14896,205,2,468.77000000000004,6.152243213225462,1.0986122886681098,0
14897,8,4,1366.38,7.220651779074644,1.6094379124341003,0
14898,23,6,1269.31,7.147016244154614,1.9459101490553132,0
14901,11,9,1421.29,7.260023527685966,2.302585092994046,0
14902,26,1,332.66,5.810122510427528,0.6931471805599453,0
14903,21,5,2795.33,7.936063122140283,1.791759469228055,0
14904,2,2,1025.44,6.933851783703411,1.0986122886681098,0
14905,158,2,616.15,6.425112106189937,1.0986122886681098,0
14907,3,7,3501.1,8.161118067549472,2.0794415416798357,0
14908,74,1,277.8,5.630494678886369,0.6931471805599453,0
14910,3,4,434.35,6.076150305274624,1.6094379124341003,0
14911,1,201,143711.17,11.875567758808163,5.308267697401205,1
14912,17,2,867.85,6.767170498168263,1.0986122886681098,0
14913,36,4,1227.43,7.113492210280829,1.6094379124341003,0
14915,91,2,307.48,5.731657011422181,1.0986122886681098,0
14916,71,4,1268.98,7.146756431297139,1.6094379124341003,0
14918,116,2,1610.15,7.384703488712166,1.0986122886681098,0
14920,213,2,977.77,6.886296681323568,1.0986122886681098,0
14921,30,2,1316.07,7.1831648514317985,1.0986122886681098,0
14923,51,1,749.1,6.620206530975591,0.6931471805599453,0
14924,246,1,310.05,5.739953670961029,0.6931471805599453,0
14929,32,1,223.88,5.415566926598276,0.6931471805599453,0
14930,109,3,2362.96,7.768093457909063,1.3862943611198906,0
14931,5,5,1257.68,7.137818831761513,1.791759469228055,0
14932,366,1,363.53,5.89860885258863,0.6931471805599453,0
14934,82,2,1890.94,7.5453580366354,1.0986122886681098,0
14935,297,1,1784.71,7.487571374232199,0.6931471805599453,0
14936,34,8,8137.02,9.004302186164907,2.1972245773362196,0
14937,57,3,1621.88,7.3919576276276855,1.3862943611198906,0
14944,30,12,5900.25,8.682919471860496,2.5649493574615367,0
14946,14,1,100.9,4.623991940228679,0.6931471805599453,0
14947,72,2,290.82,5.676137173835876,1.0986122886681098,0
14948,23,6,1101.97,7.005761820334205,1.9459101490553132,0
14950,19,1,371.2,5.91943134420815,0.6931471805599453,0
14951,79,1,311.69,5.745212284419341,0.6931471805599453,0
14952,60,11,8099.49,8.999679832658012,2.4849066497880004,0
14953,25,1,285.67,5.658331728418817,0.6931471805599453,0
14954,12,1,294.85,5.689852569122703,0.6931471805599453,0
14957,253,1,58.49,4.085808231199814,0.6931471805599453,0
14958,147,3,483.72999999999996,6.183592034891002,1.3862943611198906,0
14959,64,4,695.42,6.545952926608586,1.6094379124341003,0
14960,8,2,221.27,5.4038928590966755,1.0986122886681098,0
14961,11,9,7044.68,8.860169942031078,2.302585092994046,0
14962,271,1,126.7,4.8496837630384935,0.6931471805599453,0
14963,10,5,1472.34,7.295287211280274,1.791759469228055,0
14964,247,1,206.21,5.333732771768991,0.6931471805599453,0
14965,96,2,596.09,6.3920678557992385,1.0986122886681098,0
14966,15,1,183.02,5.215044447354215,0.6931471805599453,0
14967,50,1,463.8,6.141607205537701,0.6931471805599453,0
14968,30,1,147.59,5.001190835268256,0.6931471805599453,0
14970,68,4,1592.06,7.373411973984176,1.6094379124341003,0
14971,35,3,1097.98,7.002137755875882,1.3862943611198906,0
14972,128,1,114.77,4.751605464217637,0.6931471805599453,0
14973,107,3,1314.45,7.181934091396172,1.3862943611198906,0
14974,37,1,89.94,4.510199948396864,0.6931471805599453,0
14975,57,1,279.94,5.638141123402764,0.6931471805599453,0
14976,57,7,790.86,6.674384608512411,2.0794415416798357,0
14978,72,5,1921.3700000000001,7.561314078807358,1.791759469228055,0
14981,246,1,102.12,4.635893358630932,0.6931471805599453,0
14984,19,2,202.37,5.315026980110984,1.0986122886681098,0
14985,198,2,292.01,5.680206738127495,1.0986122886681098,0
14987,16,2,326.4,5.791182664937034,1.0986122886681098,0
14988,212,1,334.54,5.8157411743422545,0.6931471805599453,0
14995,39,2,231.98000000000002,5.450952612971631,1.0986122886681098,0
14997,46,3,546.1999999999999,6.3048143663083405,1.3862943611198906,0
14998,170,2,414.87,6.030372711422963,1.0986122886681098,0
15000,48,1,490.52,6.197502630519253,0.6931471805599453,0
15002,116,4,1641.76,7.404133033112973,1.6094379124341003,0
15004,147,1,1220.77,7.108055905977399,0.6931471805599453,0
15005,16,28,6295.37,8.74772855584191,3.367295829986474,0
15006,51,1,480.38,6.17665697899362,0.6931471805599453,0
15007,159,1,156.91,5.062025250478552,0.6931471805599453,0
15009,12,3,1259.43,7.139208211567486,1.3862943611198906,0
15010,36,1,308.94,5.736378730359189,0.6931471805599453,0
15012,54,2,405.04,6.00645167691623,1.0986122886681098,0
15014,43,2,257.67,5.555553118030016,1.0986122886681098,0
15016,173,1,170.04,5.141897447276735,0.6931471805599453,0
15017,34,1,125.58,4.840874519347159,0.6931471805599453,0
15018,39,3,496.21000000000004,6.209012472065032,1.3862943611198906,0
15019,267,1,252.81,5.536585955607315,0.6931471805599453,0
15021,9,9,1871.77,7.535173897253012,2.302585092994046,0
15022,12,4,852.39,6.749216652850701,1.6094379124341003,0
15023,3,11,6720.41,8.81305323293633,2.4849066497880004,0
15024,10,10,1636.43,7.400883218504078,2.3978952727983707,0
15025,33,1,361.96,5.894292635355709,0.6931471805599453,0
15026,80,3,469.0,6.152732694704104,1.3862943611198906,0
15027,31,4,1066.1499999999999,6.972746822489577,1.6094379124341003,0
15028,8,4,627.13,6.442747151414763,1.6094379124341003,0
15030,72,2,518.28,6.252443236725213,1.0986122886681098,0
15031,4,4,653.19,6.483397829142147,1.6094379124341003,0
15032,256,3,4959.1,8.50918118080606,1.3862943611198906,0
15033,5,10,2557.18,7.847051347137703,2.3978952727983707,0
15034,16,8,4274.16,8.360576807571077,2.1972245773362196,0
15035,90,1,252.73000000000002,5.536270709515726,0.6931471805599453,0
15036,72,3,429.56,6.065086686978596,1.3862943611198906,0
15038,59,6,685.74,6.531955763529723,1.9459101490553132,0
15039,10,47,19766.59,9.891799006862502,3.871201010907891,0
15041,170,1,179.93,5.198110216131005,0.6931471805599453,0
15042,199,1,135.93,4.919469846344143,0.6931471805599453,0
15043,31,1,537.0,6.2878585601617845,0.6931471805599453,0
15044,19,17,7634.7300000000005,8.94059382539389,2.8903717578961645,0
15045,152,2,735.66,6.602126456028984,1.0986122886681098,0
15046,9,15,5090.42,8.535312049026333,2.772588722239781,0
15047,270,1,343.62,5.842442360714953,0.6931471805599453,0
15048,65,4,381.0,5.945420608606575,1.6094379124341003,0
15049,274,1,121.17000000000002,4.8054135174159684,0.6931471805599453,0
15050,25,3,1737.69,7.460887235093727,1.3862943611198906,0
15051,23,3,1383.3600000000001,7.232993217960352,1.3862943611198906,0
15052,319,1,207.73000000000002,5.341041550757815,0.6931471805599453,0
15053,5,3,693.95,6.5438399005307675,1.3862943611198906,0
15054,12,2,302.1,5.714062784063757,1.0986122886681098,0
15057,275,2,1489.5,7.306866913118126,1.0986122886681098,0
15058,25,11,2102.54,7.651376918775613,2.4849066497880004,0
15059,41,9,1337.72,7.199469212547289,2.302585092994046,0
15060,8,4,294.25,5.687822455077471,1.6094379124341003,0
15061,4,48,54534.14,10.906600543518254,3.8918202981106265,1
15062,71,4,987.86,6.896552764474143,1.6094379124341003,0
15063,213,1,370.79999999999995,5.918356075287344,0.6931471805599453,0
15065,38,4,3158.13,8.058051952218728,1.6094379124341003,0
15066,53,1,893.59,6.796365512756079,0.6931471805599453,0
15067,78,3,1744.76,7.464945269906789,1.3862943611198906,0
15068,46,2,553.36,6.317814295200602,1.0986122886681098,0
15069,179,1,1109.53,7.012592657827759,0.6931471805599453,0
15070,373,1,106.2,4.674696248636701,0.6931471805599453,0
15071,94,2,982.07,6.890680328191671,1.0986122886681098,0
15073,10,3,1043.41,6.951207411654662,1.3862943611198906,0
15074,105,1,735.67,6.60214003072033,0.6931471805599453,0
15075,78,1,773.03,6.651610632528512,0.6931471805599453,0
15076,173,1,880.85,6.782021973516374,0.6931471805599453,0
15078,7,32,9743.11,9.184418278884316,3.4965075614664802,0
15079,213,4,895.61,6.798620984904737,1.6094379124341003,0
15081,22,5,504.8,6.226141334235865,1.791759469228055,0
15083,257,1,88.2,4.490881039585964,0.6931471805599453,0
15087,282,1,306.94,5.7299049588017725,0.6931471805599453,0
15088,21,2,1160.07,7.057097272731341,1.0986122886681098,0
15089,10,6,2420.84,7.7922828608243835,1.9459101490553132,0
15090,308,1,381.32,5.946257954269902,0.6931471805599453,0
15091,68,1,480.71,6.177342273229703,0.6931471805599453,0
15092,215,2,457.81,6.1286361810072245,1.0986122886681098,0
15093,18,6,4597.02,8.433381055030935,1.9459101490553132,0
15095,104,4,1370.6,7.223733220588765,1.6094379124341003,0
15096,43,1,219.39000000000001,5.3953987041986,0.6931471805599453,0
15097,4,1,248.08,5.517774130004251,0.6931471805599453,0
15098,182,3,39916.5,10.594570103213856,1.3862943611198906,0
15099,84,1,410.48,6.019760416262829,0.6931471805599453,0
15100,334,3,876.0,6.776506992372183,1.3862943611198906,0
15101,9,2,317.53,5.763716662099238,1.0986122886681098,0
15103,31,2,703.36,6.557289589092577,1.0986122886681098,0
15104,197,2,993.54,6.902280318701867,1.0986122886681098,0
15105,18,7,2298.93,7.740633966671485,2.0794415416798357,0
15106,18,5,1422.52,7.2608879564964575,1.791759469228055,0
15107,311,6,319.5,5.7698822763607245,1.9459101490553132,0
15108,142,4,1300.25,7.171080619929179,1.6094379124341003,0
15109,246,1,484.95,6.18610573794948,0.6931471805599453,0
15110,24,4,996.1,6.904851065834747,1.6094379124341003,0
15111,29,3,1567.48,7.357862276513416,1.3862943611198906,0
15113,10,3,3509.43,8.163493816079034,1.3862943611198906,0
15114,30,10,2760.56,7.923551016427315,2.3978952727983707,0
15115,18,1,340.11,5.832205005910728,0.6931471805599453,0
15116,18,4,1352.75,7.2106337983152,1.6094379124341003,0
15117,15,5,1551.78,7.347802151813069,1.791759469228055,0
15118,134,1,244.8,5.504518197131935,0.6931471805599453,0
15119,246,1,266.4,5.588745664667843,0.6931471805599453,0
15120,134,1,358.82,5.885603906408473,0.6931471805599453,0
15121,50,2,457.72,6.12844000213506,1.0986122886681098,0
15122,114,3,1633.78,7.399263517702882,1.3862943611198906,0
15123,7,2,2199.31,7.696353538510563,1.0986122886681098,0
15124,23,2,184.19,5.221382325073914,1.0986122886681098,0
15125,25,15,11528.48,9.35266251250627,2.772588722239781,0
15127,66,1,406.53,6.010114549603027,0.6931471805599453,0
15128,60,4,1471.0,7.294377299288821,1.6094379124341003,0
15129,50,11,3447.4,8.14566563433577,2.4849066497880004,0
15130,170,1,330.11,5.802450646452902,0.6931471805599453,0
15132,18,5,977.9300000000001,6.886460138441978,1.791759469228055,0
15133,128,3,982.42,6.891036292375263,1.3862943611198906,0
15134,15,8,1387.99,7.236332143304382,2.1972245773362196,0
15135,239,1,139.05,4.941999501706118,0.6931471805599453,0
15136,3,4,1286.7,7.160612960279738,1.6094379124341003,0
15139,240,2,178.96,5.192734603972972,1.0986122886681098,0
15140,52,7,2354.25,7.764402157928777,2.0794415416798357,0
15142,46,1,498.74,6.214087963175304,0.6931471805599453,0
15143,226,1,259.45,5.562410904191201,0.6931471805599453,0
15144,8,17,6580.44,8.792008845361094,2.8903717578961645,0
15145,4,4,1194.73,7.0865121565162825,1.6094379124341003,0
15146,165,2,1327.16,7.1915498047067254,1.0986122886681098,0
15147,240,1,623.5,6.436951329565632,0.6931471805599453,0
15148,11,1,301.29,5.711386821516136,0.6931471805599453,0
15149,134,1,520.8000000000001,6.257284372702628,0.6931471805599453,0
15150,17,10,5291.33,8.574013881567295,2.3978952727983707,0
15152,10,13,4745.69,8.465202812016113,2.6390573296152584,0
15153,31,1,329.25,5.799849943402434,0.6931471805599453,0
15154,75,1,254.28,5.542360981969988,0.6931471805599453,0
15156,1,3,961.49,6.869523676497577,1.3862943611198906,0
15157,4,3,1936.07,7.568931801112307,1.3862943611198906,0
15158,45,1,401.40000000000003,5.9974466187855295,0.6931471805599453,0
15159,2,30,18641.010000000002,9.83317291504409,3.4339872044851463,0
15160,357,1,158.16,5.069909985558728,0.6931471805599453,0
15163,18,2,304.47,5.721851574117079,1.0986122886681098,0
15164,69,3,824.58,6.716086169627672,1.3862943611198906,0
15165,373,1,487.75,6.1918511112995755,0.6931471805599453,0
15167,321,1,158.8,5.073923033332174,0.6931471805599453,0
15168,26,1,106.56,4.678048831400664,0.6931471805599453,0
15171,331,1,1289.5,7.162785019158669,0.6931471805599453,0
15172,9,5,1624.05,7.393293863521244,1.791759469228055,0
15174,323,1,135.75,4.91815444130209,0.6931471805599453,0
15175,72,1,224.14,5.416722430926658,0.6931471805599453,0
15178,260,1,40.5,3.7256934272366524,0.6931471805599453,0
15179,18,5,2206.95,7.69981976221305,1.791759469228055,0
15180,367,1,87.5,4.483002552013883,0.6931471805599453,0
15181,66,3,689.4799999999999,6.537387007911402,1.3862943611198906,0
15182,154,2,622.85,6.43590995485703,1.0986122886681098,0
15184,29,2,402.2,5.999432716757159,1.0986122886681098,0
15185,70,1,310.62,5.741784496789209,0.6931471805599453,0
15186,14,2,411.41,6.022018000151438,1.0986122886681098,0
15187,2,16,4777.18,8.471814999842545,2.833213344056216,0
15189,1,41,16225.39,9.694394208164745,3.7376696182833684,0
15192,120,3,1044.32,6.952078337618801,1.3862943611198906,0
15193,61,1,499.32,6.215247893709531,0.6931471805599453,0
15194,3,15,7616.53,8.938207449152076,2.772588722239781,0
15195,3,1,3861.0,8.258940462988459,0.6931471805599453,0
15197,11,3,1079.6100000000001,6.985280975485229,1.3862943611198906,0
15198,92,2,193.64,5.2711516984752675,1.0986122886681098,0
15199,59,4,1268.7,7.1465359310757455,1.6094379124341003,0
15201,87,5,1236.54,7.120880817152784,1.791759469228055,0
15203,26,6,1827.8,7.511415293040546,1.9459101490553132,0
15204,357,1,316.58,5.760729755097951,0.6931471805599453,0
15205,85,2,653.24,6.483474256616332,1.0986122886681098,0
15206,10,4,420.29999999999995,6.04334516898497,1.6094379124341003,0
15208,1,5,870.12,6.769779740037806,1.791759469228055,0
15210,225,1,331.18,5.805676990670853,0.6931471805599453,0
15211,60,2,894.4100000000001,6.797281713937488,1.0986122886681098,0
15212,241,1,101.8,4.632785353021065,0.6931471805599453,0
15213,319,2,328.35,5.797121015086702,1.0986122886681098,0
15214,2,8,1661.44,7.416041681653177,2.1972245773362196,0
15215,47,3,734.94,6.601148593666668,1.3862943611198906,0
15216,88,1,96.6,4.580877493419047,0.6931471805599453,0
15218,11,11,5756.89,8.658326367134135,2.4849066497880004,0
15219,176,1,305.75,5.7260330835910205,0.6931471805599453,0
15220,52,6,1778.96,7.484346171123521,1.9459101490553132,0
15221,366,1,403.25,6.002033498457216,0.6931471805599453,0
15222,319,1,585.0,6.373319789577012,0.6931471805599453,0
15223,226,2,755.75,6.629032947901828,1.0986122886681098,0
15224,358,2,322.08,5.777899970574095,1.0986122886681098,0
15225,234,1,409.40000000000003,6.01713229385656,0.6931471805599453,0
15226,311,1,154.41,5.04606678592752,0.6931471805599453,0
15227,37,5,1219.4,7.106933952842515,1.791759469228055,0
15228,66,4,3386.71,8.127909455886419,1.6094379124341003,0
15230,239,2,429.6,6.065179584930263,1.0986122886681098,0
15232,113,2,612.06,6.418462810428566,1.0986122886681098,0
15234,277,1,197.0,5.288267030694535,0.6931471805599453,0
15235,218,12,2247.51,7.718023053610256,2.5649493574615367,0
15236,299,1,321.05,5.7747068129929,0.6931471805599453,0
15237,2,4,1412.32,7.253696825551129,1.6094379124341003,0
15238,29,3,1071.99,6.978204422922778,1.3862943611198906,0
15239,10,2,780.59,6.661330306378558,1.0986122886681098,0
15240,45,5,1706.57,7.442826586212262,1.791759469228055,0
15241,67,8,1756.44,7.471613483699497,2.1972245773362196,0
15243,74,1,316.68,5.7610445868229965,0.6931471805599453,0
15244,65,2,631.57,6.449790886414747,1.0986122886681098,0
15245,134,3,2515.84,7.83075942537543,1.3862943611198906,0
15246,238,2,514.15,6.244458120391077,1.0986122886681098,0
15247,122,1,356.0,5.877735781779639,0.6931471805599453,0
15249,32,13,6688.46,8.808288432375653,2.6390573296152584,0
15251,9,11,10484.99,9.257795359479534,2.4849066497880004,0
15252,36,2,740.78,6.60905270324689,1.0986122886681098,0
15253,16,5,918.1999999999999,6.823503726534546,1.791759469228055,0
15254,127,1,300.36,5.708305563383786,0.6931471805599453,0
15255,67,1,890.85,6.793297957004312,0.6931471805599453,0
15256,149,1,98.45,4.599655005299981,0.6931471805599453,0
15257,283,1,317.15,5.762522969678801,0.6931471805599453,0
15258,169,2,623.16,6.4364067457583465,1.0986122886681098,0
15260,100,7,1810.77,7.502059546979103,2.0794415416798357,0
15261,135,1,254.82,5.544474072171247,0.6931471805599453,0
15262,324,1,178.95000000000002,5.19267903452504,0.6931471805599453,0
15263,107,1,156.51,5.059488948313644,0.6931471805599453,0
15264,64,1,393.74,5.978227320325962,0.6931471805599453,0
15265,151,2,1506.1200000000001,7.317955823857119,1.0986122886681098,0
15266,338,1,119.3,4.789988622980633,0.6931471805599453,0
15267,22,5,1717.36,7.449125626576209,1.791759469228055,0
15269,24,1,408.8,6.0156692358048,0.6931471805599453,0
15270,16,7,2379.49,7.775061627827598,2.0794415416798357,0
15271,7,15,2493.34,7.82177944413352,2.772588722239781,0
15272,57,2,721.94,6.58332623116324,1.0986122886681098,0
15274,4,2,716.57,6.5758705038506235,1.0986122886681098,0
15275,38,1,615.14,6.4234742104382585,0.6931471805599453,0
15276,66,1,128.63,4.864684238611951,0.6931471805599453,0
15277,47,1,255.89999999999998,5.548686904115838,0.6931471805599453,0
15279,355,1,290.51,5.675074310519458,0.6931471805599453,0
15280,172,1,113.12,4.737250526345299,0.6931471805599453,0
15281,59,9,2332.15,7.754974564853873,2.302585092994046,0
15286,50,1,240.55,5.4870764910004155,0.6931471805599453,0
15287,22,2,486.69,6.189679958097341,1.0986122886681098,0
15288,43,5,2306.52,7.743928633728395,1.791759469228055,0
15289,29,3,939.78,6.846709318414996,1.3862943611198906,0
15290,5,18,7943.22,8.98019989919854,2.9444389791664403,0
15291,26,15,4668.3,8.448764446494256,2.772588722239781,0
15292,201,1,178.39,5.189562206710999,0.6931471805599453,0
15296,51,6,3672.86,8.208998159442066,1.9459101490553132,0
15297,10,3,641.94,6.466051407286527,1.3862943611198906,0
15298,2,12,4799.9,8.476558679320053,2.5649493574615367,0
15299,67,7,4507.01,8.413611093435822,2.0794415416798357,0
15300,64,1,496.44,6.2094749463104435,0.6931471805599453,0
15301,51,12,5049.95,8.527331623389161,2.5649493574615367,0
15303,290,1,574.02,6.354404822801145,0.6931471805599453,0
15304,61,8,694.4000000000001,6.544487219573761,2.1972245773362196,0
15306,64,3,1174.35,7.069321254563527,1.3862943611198906,0
15307,96,1,205.3,5.329331420077207,0.6931471805599453,0
15308,274,1,310.47,5.741303025403381,0.6931471805599453,0
15311,1,91,60632.75,11.012606947722134,4.5217885770490405,1
15312,75,4,924.85,6.830712234483825,1.6094379124341003,0
15313,110,1,52.0,3.970291913552122,0.6931471805599453,0
15314,199,1,327.97,5.795966561197395,0.6931471805599453,0
15315,64,2,570.5,6.348264483234865,1.0986122886681098,0
15316,327,1,165.0,5.111987788356544,0.6931471805599453,0
15318,4,1,312.62,5.748182061952885,0.6931471805599453,0
15319,284,1,204.5,5.32544603393629,0.6931471805599453,0
15320,44,1,267.13,5.591471937527057,0.6931471805599453,0
15321,71,3,2748.31,7.919105250086756,1.3862943611198906,0
15322,86,1,679.68,6.523092298503236,0.6931471805599453,0
15325,104,1,161.74,5.092153835268511,0.6931471805599453,0
15326,334,1,311.71,5.74527624348556,0.6931471805599453,0
15327,53,1,208.75,5.345916345347316,0.6931471805599453,0
15329,39,3,1049.7,6.957211887694729,1.3862943611198906,0
15330,32,2,714.96,6.5736242994783,1.0986122886681098,0
15332,366,4,1661.06,7.415813075846797,1.6094379124341003,0
15333,208,1,1028.56,6.936886805488385,0.6931471805599453,0
15334,157,3,350.82,5.863119681170759,1.3862943611198906,0
15335,54,1,170.22,5.142949279314339,0.6931471805599453,0
15339,66,2,574.07,6.354491772518179,1.0986122886681098,0
15341,81,1,2020.52,7.611604982675218,0.6931471805599453,0
15342,130,1,406.09,6.0090342912180414,0.6931471805599453,0
15343,87,1,364.5,5.901266279189834,0.6931471805599453,0
15344,1,3,563.94,6.3367195308171205,1.3862943611198906,0
15345,46,1,393.54,5.9777205293157225,0.6931471805599453,0
15346,333,1,252.42000000000002,5.5350481913707625,0.6931471805599453,0
15347,366,1,201.60000000000002,5.311233591814583,0.6931471805599453,0
15348,72,1,158.04,5.069155742908264,0.6931471805599453,0
15349,158,2,463.90999999999997,6.141843838467353,1.0986122886681098,0
15350,373,1,115.65,4.759177998467439,0.6931471805599453,0
15351,12,7,1934.66,7.568203632578843,2.0794415416798357,0
15353,255,2,770.12,6.647844003475713,1.0986122886681098,0
15355,29,2,277.05,5.627800953633573,1.0986122886681098,0
15356,31,10,2718.03,7.908030478039789,2.3978952727983707,0
15358,5,22,8347.2,9.029801225744318,3.1354942159291497,0
15360,40,1,427.93,6.061293735451147,0.6931471805599453,0
15361,362,1,418.92,6.040064216944044,0.6931471805599453,0
15363,373,1,326.0,5.7899601708972535,0.6931471805599453,0
15364,96,2,913.19,6.818038427312331,1.0986122886681098,0
15365,26,7,2314.32,7.74730318590928,2.0794415416798357,0
15366,75,2,602.51,6.40276261040859,1.0986122886681098,0
15367,57,4,1877.59,7.538276774433291,1.6094379124341003,0
15368,21,1,446.94000000000005,6.104659294874325,0.6931471805599453,0
15370,41,7,2386.05,7.77781357291459,2.0794415416798357,0
15372,137,1,2007.3999999999999,7.605093664160551,0.6931471805599453,0
15373,8,12,2415.91,7.79024514376692,2.5649493574615367,0
15374,129,1,168.0,5.1298987149230735,0.6931471805599453,0
15376,40,3,1221.56,7.108702299899257,1.3862943611198906,0
15379,169,7,3703.29,8.217246886437776,2.0794415416798357,0
15380,9,5,1690.2600000000002,7.433229092253918,1.791759469228055,0
15381,214,2,596.85,6.393339886365589,1.0986122886681098,0
15382,15,6,5955.71,8.692273594221074,1.9459101490553132,0
15384,170,2,642.41,6.46678215711498,1.0986122886681098,0
15385,40,1,316.88,5.761673953071979,0.6931471805599453,0
15386,186,1,394.14,5.979240132485259,0.6931471805599453,0
15388,270,1,140.54,4.952582362647639,0.6931471805599453,0
15389,172,1,500.0,6.2166061010848646,0.6931471805599453,0
15392,5,4,1535.53,7.337281906274171,1.6094379124341003,0
15393,16,2,231.86,5.45043741460887,1.0986122886681098,0
15394,10,4,2183.54,7.6891605590501255,1.6094379124341003,0
15395,326,1,107.45,4.6862892372728835,0.6931471805599453,0
15396,113,1,288.18,5.66704933159998,0.6931471805599453,0
15397,290,1,94.0,4.553876891600541,0.6931471805599453,0
15398,16,2,1345.53,7.205286191988605,1.0986122886681098,0
15399,1,3,815.77,6.705357537478585,1.3862943611198906,0
15400,92,5,716.2,6.575354741730978,1.791759469228055,0
15402,149,2,626.77,6.4421738573469876,1.0986122886681098,0
15405,189,1,349.1,5.85821882796062,0.6931471805599453,0
15406,31,2,510.71000000000004,6.237758058320892,1.0986122886681098,0
15407,34,4,1046.74,6.954390742498122,1.6094379124341003,0
15408,264,1,267.18,5.591658396851496,0.6931471805599453,0
15410,84,8,3450.84,8.146662701187065,2.1972245773362196,0
15411,26,4,1348.93,7.207808018236269,1.6094379124341003,0
15412,171,1,190.53,5.25504445431457,0.6931471805599453,0
15414,10,3,774.9000000000001,6.654023645899904,1.3862943611198906,0
15415,313,1,559.61,6.329025476602274,0.6931471805599453,0
15416,65,4,3984.32,8.290372889129587,1.6094379124341003,0
15417,85,1,508.8,6.234018491942015,0.6931471805599453,0
15419,25,1,135.86,4.918958505524352,0.6931471805599453,0
15421,59,4,950.36,6.857892539809733,1.6094379124341003,0
15422,323,2,97.7,4.592084946439436,1.0986122886681098,0
15423,38,1,43.5,3.7954891891721947,0.6931471805599453,0
15424,254,2,383.34,5.951527577504281,1.0986122886681098,0
15426,19,5,1404.07,7.247842402590825,1.791759469228055,0
15427,33,3,1430.54,7.266506066865208,1.3862943611198906,0
15428,15,1,93.78,4.551558416539442,0.6931471805599453,0
15429,27,2,397.35,5.987331015826375,1.0986122886681098,0
15432,23,1,171.19,5.148598518298095,0.6931471805599453,0
15433,214,2,533.3,6.2809574789637255,1.0986122886681098,0
15434,8,5,1041.48,6.94935776883665,1.791759469228055,0
15435,22,1,149.29,5.012566760946003,0.6931471805599453,0
15436,12,3,1067.75,6.97424502025097,1.3862943611198906,0
15437,262,1,200.16,5.304100611303764,0.6931471805599453,0
15438,131,1,156.57999999999998,5.059933265817542,0.6931471805599453,0
15440,55,3,383.68,5.952411819844281,1.3862943611198906,0
15442,249,1,594.0,6.38856140554563,0.6931471805599453,0
15443,2,7,3213.59,8.075455101323259,2.0794415416798357,0
15444,9,2,1411.21,7.252911132207154,1.0986122886681098,0
15445,264,1,113.5,4.740574822994295,0.6931471805599453,0
15447,331,1,155.17,5.050945157499754,0.6931471805599453,0
15448,313,1,494.64,6.2058498567482925,0.6931471805599453,0
15449,26,3,974.52,6.882970662159506,1.3862943611198906,0
15450,30,1,429.84,6.0657367914825695,0.6931471805599453,0
15452,30,3,528.48,6.27189539284557,1.3862943611198906,0
15453,2,7,1371.77,7.224585875348061,2.0794415416798357,0
15454,362,1,179.1,5.19351225218191,0.6931471805599453,0
15456,283,3,434.59000000000003,6.076701433954154,1.3862943611198906,0
15457,262,1,237.07,5.472564748074418,0.6931471805599453,0
15458,25,1,161.64,5.091539169320091,0.6931471805599453,0
15460,354,1,214.26,5.371846599836152,0.6931471805599453,0
15462,94,3,234.6,5.462135451777431,1.3862943611198906,0
15463,29,1,126.14,4.845288841508263,0.6931471805599453,0
15464,338,1,1044.65,6.952393980600518,0.6931471805599453,0
15465,20,18,7354.62,8.903219925879805,2.9444389791664403,0
15466,85,1,334.53,5.815711371192059,0.6931471805599453,0
15467,9,3,524.88,6.265073049828404,1.3862943611198906,0
15468,51,2,467.51,6.149557446167864,1.0986122886681098,0
15469,50,2,538.55,6.290735458809743,1.0986122886681098,0
15471,2,1,454.48,6.121351807942404,0.6931471805599453,0
15472,113,1,371.56,5.920398098674122,0.6931471805599453,0
15473,14,7,1771.2,7.479976991613202,2.0794415416798357,0
15475,77,1,454.10999999999996,6.120539147973894,0.6931471805599453,0
15478,40,2,1399.92,7.244884442636672,1.0986122886681098,0
15480,116,1,905.5,6.809591030194905,0.6931471805599453,0
15482,16,12,10879.76,9.294751370911507,2.5649493574615367,0
15483,161,4,225.26,5.421684780498321,1.6094379124341003,0
15484,1,4,3590.41,8.186300162033392,1.6094379124341003,0
15485,30,3,2564.5,7.849908670382019,1.3862943611198906,0
15488,93,1,91.32000000000001,4.52526080275979,0.6931471805599453,0
15489,23,3,1134.28,7.034634595526282,1.3862943611198906,0
15491,95,6,3100.09,8.039508941575132,1.9459101490553132,0
15492,28,2,659.4599999999999,6.492936561946857,1.0986122886681098,0
15493,33,5,1953.41,7.577843636590285,1.791759469228055,0
15494,21,2,1280.58,7.155848970699195,1.0986122886681098,0
15497,18,2,1262.2,7.141403462941432,1.0986122886681098,0
15498,3,27,13316.4,9.496826729846124,3.332204510175204,0
15500,8,4,1131.56,7.032235836086242,1.6094379124341003,0
15502,16,12,10384.93,9.248207284539456,2.5649493574615367,0
15503,363,1,141.04,4.956108708074887,0.6931471805599453,0
15504,81,1,52.83,3.985830932572866,0.6931471805599453,0
15505,53,5,3610.96,8.192005840278435,1.791759469228055,0
15506,23,3,972.08,6.880466298744467,1.3862943611198906,0
15507,172,1,475.86,6.167222946760261,0.6931471805599453,0
15508,189,6,1000.27,6.909024473214282,1.9459101490553132,0
15510,331,1,250.0,5.5254529391317835,0.6931471805599453,0
15511,12,5,900.53,6.804093319959892,1.791759469228055,0
15512,156,2,121.0,4.804021044733257,1.0986122886681098,0
15513,33,19,14758.220000000001,9.599623251229634,2.995732273553991,0
15514,12,11,4023.7200000000003,8.3002106222155,2.4849066497880004,0
15516,45,3,62.43,4.149936935645806,1.3862943611198906,0
15517,233,1,267.03,5.591098914544516,0.6931471805599453,0
15518,64,8,1921.55,7.561407708843943,2.1972245773362196,0
15520,2,1,343.5,5.842094090453713,0.6931471805599453,0
15521,40,8,3000.2,8.006767487671574,2.1972245773362196,0
15522,33,2,397.99,5.988936353919148,1.0986122886681098,0
15523,84,1,412.01000000000005,6.023471805742962,0.6931471805599453,0
15524,25,1,440.0,6.089044875446846,0.6931471805599453,0
15525,2,3,734.37,6.600373773909423,1.3862943611198906,0
15526,33,2,148.44,5.006894974480533,1.0986122886681098,0
15527,19,8,2428.53,7.7954531019895175,2.1972245773362196,0
15528,254,1,229.33,5.4395130632148145,0.6931471805599453,0
15529,23,11,3962.6,8.284907982184745,2.4849066497880004,0
15530,22,4,1497.31,7.3120930852576205,1.6094379124341003,0
15531,8,2,1972.39,7.587508155013856,1.0986122886681098,0
15532,25,4,1564.73,7.356107447892678,1.6094379124341003,0
15533,19,3,807.57,6.695267255355902,1.3862943611198906,0
15535,173,4,502.9,6.222377835686553,1.6094379124341003,0
15537,163,1,110.92,4.717784330357226,0.6931471805599453,0
15539,7,1,538.46,6.290568639224737,0.6931471805599453,0
15540,11,1,213.3,5.367376902479531,0.6931471805599453,0
15541,114,1,85.13000000000001,4.455857782801083,0.6931471805599453,0
15543,288,1,127.86,4.858726543710496,0.6931471805599453,0
15544,9,9,3546.71,8.174057603899483,2.302585092994046,0
15545,54,2,288.96999999999997,5.669777469353516,1.0986122886681098,0
15547,7,14,4910.6,8.499355033286358,2.70805020110221,0
15549,77,3,1681.46,7.428012287090657,1.3862943611198906,0
15550,4,4,575.63,6.357200812987149,1.6094379124341003,0
15551,37,1,436.06,6.080070485442007,0.6931471805599453,0
15552,217,1,90.12,4.512177319138927,0.6931471805599453,0
15553,60,1,428.93,6.06362240473809,0.6931471805599453,0
15554,278,1,217.2,5.38541207339897,0.6931471805599453,0
15555,12,16,4794.86,8.475508324728846,2.833213344056216,0
15556,24,1,279.77,5.637535828837275,0.6931471805599453,0
15557,29,1,468.91,6.152541187005974,0.6931471805599453,0
15561,12,4,800.59,6.686597255202886,1.6094379124341003,0
15562,352,1,134.55,4.909340575944674,0.6931471805599453,0
15563,22,4,1400.44,7.245255558414779,1.6094379124341003,0
15565,50,2,173.16,5.159974416926292,1.0986122886681098,0
15567,19,1,186.01,5.231162091360629,0.6931471805599453,0
15568,3,3,758.29,6.6323837861074395,1.3862943611198906,0
15569,104,5,1375.71,7.227451873789157,1.791759469228055,0
15570,7,12,4148.82,8.33082023879011,2.5649493574615367,0
15571,12,4,650.4300000000001,6.47916994643317,1.6094379124341003,0
15572,5,7,2533.42,7.837720093003111,2.0794415416798357,0
15573,32,2,591.1899999999999,6.383827529337818,1.0986122886681098,0
15574,178,4,675.64,6.517139373724178,1.6094379124341003,0
15576,38,1,921.37,6.826946444575113,0.6931471805599453,0
15577,151,3,258.88,5.5602199860123305,1.3862943611198906,0
15578,162,1,127.1,4.852811208902689,0.6931471805599453,0
15579,69,2,327.6,5.794841205603168,1.0986122886681098,0
15581,121,13,3675.77,8.20978992835222,2.6390573296152584,0
15582,25,3,682.9100000000001,6.527826330017913,1.3862943611198906,0
15584,24,4,720.86,6.581831214273488,1.6094379124341003,0
15585,177,1,455.3,6.123150487933357,0.6931471805599453,0
15587,50,4,913.6800000000001,6.818574277330894,1.6094379124341003,0
15589,256,3,478.53000000000003,6.172806457538428,1.3862943611198906,0
15592,47,1,388.58,5.965069235748451,0.6931471805599453,0
15593,71,1,199.8,5.302309387817574,0.6931471805599453,0
15594,16,5,1771.78,7.48030421490088,1.791759469228055,0
15596,101,5,1406.59,7.249634301131203,1.791759469228055,0
15597,35,1,324.57,5.785577492291319,0.6931471805599453,0
15598,53,1,240.68,5.487614537078416,0.6931471805599453,0
15599,27,2,761.74,6.636917213055248,1.0986122886681098,0
15601,11,14,6776.56,8.821372434155471,2.70805020110221,0
15602,8,9,1297.8700000000001,7.16924993468027,2.302585092994046,0
15603,79,1,48.480000000000004,3.9015685475242874,0.6931471805599453,0
15604,52,1,216.39,5.381692975469088,0.6931471805599453,0
15605,36,5,1198.23,7.089434963153261,1.791759469228055,0
15606,61,9,2920.16,7.9797360766493295,2.302585092994046,0
15607,337,1,104.76,4.6611723761033765,0.6931471805599453,0
15608,28,4,1093.68,6.998217362097996,1.6094379124341003,0
15609,184,1,298.48,5.702047637362485,0.6931471805599453,0
15610,52,1,112.46000000000001,4.731450351898421,0.6931471805599453,0
15611,10,13,1591.45,7.373028989779162,2.6390573296152584,0
15612,36,2,195.15,5.278879672655561,1.0986122886681098,0
15615,10,23,10399.74,9.249632236444302,3.1780538303479458,0
15618,33,4,776.851,6.656534989127213,1.6094379124341003,0
15619,11,1,336.40000000000003,5.821269170111868,0.6931471805599453,0
15620,57,3,1553.18,7.348703354335633,1.3862943611198906,0
15621,4,4,1293.03,7.165516658717914,1.6094379124341003,0
15622,43,9,3709.56,8.2189380876069,2.302585092994046,0
15623,141,1,301.03,5.7105263501895465,0.6931471805599453,0
15624,117,4,588.13,6.3786468723710446,1.6094379124341003,0
15625,104,4,1534.26,7.336455026785429,1.6094379124341003,0
15626,75,2,675.8,6.517375808292013,1.0986122886681098,0
15628,5,9,2870.2400000000002,7.962499271193586,2.302585092994046,0
15630,45,2,1186.35,7.079479212140812,1.0986122886681098,0
15632,16,8,3285.31,8.097520633770152,2.1972245773362196,0
15634,17,1,243.55,5.499419786985366,0.6931471805599453,0
15636,90,2,724.76,6.587219381659278,1.0986122886681098,0
15637,53,1,223.36,5.413251904640136,0.6931471805599453,0
15639,134,1,425.32,6.055190237988527,0.6931471805599453,0
15640,4,15,12416.11,9.426830639200185,2.772588722239781,0
15641,105,4,1887.2,7.543379273298417,1.6094379124341003,0
15643,192,3,664.0,6.499787040655854,1.3862943611198906,0
15644,166,4,803.54,6.6902706855196055,1.6094379124341003,0
15645,19,1,612.01,6.418381249016855,0.6931471805599453,0
15646,158,3,447.64000000000004,6.106220784406171,1.3862943611198906,0
15648,204,2,639.5,6.4622491213367885,1.0986122886681098,0
15649,336,2,816.0,6.705639094860003,1.0986122886681098,0
15651,37,3,646.3,6.472809865551464,1.3862943611198906,0
15652,91,1,337.74,5.825232851462975,0.6931471805599453,0
15653,93,2,877.4399999999999,6.7781476070590925,1.0986122886681098,0
15654,9,2,922.53,6.828203284222655,1.0986122886681098,0
15655,243,1,560.67,6.330914488818843,0.6931471805599453,0
15656,45,4,748.5,6.619406317542652,1.6094379124341003,0
15657,23,1,30.0,3.4339872044851463,0.6931471805599453,0
15658,190,5,1024.1000000000001,6.932545447789356,1.791759469228055,0
15659,44,1,306.45,5.7283124723994785,0.6931471805599453,0
15660,25,9,1600.86,7.378920733047961,2.302585092994046,0
15661,317,2,309.8,5.739149618493492,1.0986122886681098,0
15663,106,1,138.14,4.935480620495495,0.6931471805599453,0
15664,51,1,386.43,5.959535187313809,0.6931471805599453,0
15665,168,2,2222.21,7.706707376439049,1.0986122886681098,0
15667,40,1,301.32,5.711486059041233,0.6931471805599453,0
15668,218,1,76.32000000000001,4.34795265434013,0.6931471805599453,0
15669,40,4,684.34,6.529915065486092,1.6094379124341003,0
15670,297,1,173.05,5.159342614257448,0.6931471805599453,0
15671,19,7,2657.13,7.885378147031288,2.0794415416798357,0
15673,88,4,2726.23,7.911041721056532,1.6094379124341003,0
15674,73,5,2446.6,7.802863231588385,1.791759469228055,0
15675,81,3,323.69,5.782870880975165,1.3862943611198906,0
15676,19,3,3435.76,8.142284446073054,1.3862943611198906,0
15677,49,1,657.23,6.489554414321968,0.6931471805599453,0
15678,53,1,352.7,5.868449096211435,0.6931471805599453,0
15679,24,4,781.28,6.6622127327244485,1.6094379124341003,0
15680,9,3,1333.68,7.1964468417270915,1.3862943611198906,0
15681,25,5,1426.16,7.263441734527154,1.791759469228055,0
15683,117,1,193.75,5.271716684750857,0.6931471805599453,0
15687,9,9,2993.1,8.004398964555403,2.302585092994046,0
15689,120,2,254.1,5.541655625147766,1.0986122886681098,0
15690,4,2,239.76,5.48380058667957,1.0986122886681098,0
15691,252,1,136.8,4.925803358579558,0.6931471805599453,0
15692,28,1,191.04,5.25770368366274,0.6931471805599453,0
15694,1,14,6479.4,8.776537515836264,2.70805020110221,0
15695,267,2,409.98,6.018544551511725,1.0986122886681098,0
15696,33,8,2711.11,7.905482208709709,2.1972245773362196,0
15699,18,1,309.65,5.738666876509702,0.6931471805599453,0
15700,172,2,696.68,6.54776054491873,1.0986122886681098,0
15701,2,4,1529.0,7.333023014386481,1.6094379124341003,0
15703,265,1,211.5,5.358941988364472,0.6931471805599453,0
15704,140,4,2293.62,7.738322531443156,1.6094379124341003,0
15705,201,1,143.1,4.970507503005476,0.6931471805599453,0
15706,64,4,1060.56,6.967494803332995,1.6094379124341003,0
15707,35,4,916.98,6.822175603890787,1.6094379124341003,0
15708,41,7,3235.25,8.082170531065747,2.0794415416798357,0
15709,284,1,133.25,4.899703733388974,0.6931471805599453,0
15712,9,5,1072.3600000000001,6.978549194282216,1.791759469228055,0
15713,143,2,356.7,5.879694646264972,1.0986122886681098,0
15714,12,2,330.03000000000003,5.802209005711098,1.0986122886681098,0
15716,146,4,1101.1100000000001,7.004981803243121,1.6094379124341003,0
15717,234,1,150.3,5.01926462079431,0.6931471805599453,0
15719,33,13,5030.07,8.523387964129368,2.6390573296152584,0
15720,24,1,598.73,6.3964795539357615,0.6931471805599453,0
15721,12,1,471.40000000000003,6.157826084323207,0.6931471805599453,0
15722,36,5,2211.21,7.701747294844882,1.791759469228055,0
15723,365,1,190.7,5.255931650051599,0.6931471805599453,0
15724,201,2,218.25,5.390212631252292,1.0986122886681098,0
15725,15,1,415.25,6.031286041294654,0.6931471805599453,0
15727,17,7,5159.06,8.548703486314981,2.0794415416798357,0
15729,213,1,85.0,4.454347296253507,0.6931471805599453,0
15730,66,3,1120.88,7.022761128491225,1.3862943611198906,0
15732,212,2,294.12,5.68738205328842,1.0986122886681098,0
15733,283,1,162.3,5.095588999976419,0.6931471805599453,0
15734,115,2,1339.45,7.200760657465263,1.0986122886681098,0
15737,15,8,1188.1200000000001,7.080968816745364,2.1972245773362196,0
15738,19,16,4812.42,8.479163129156776,2.833213344056216,0
15739,66,1,449.12,6.109514213881797,0.6931471805599453,0
15740,49,1,154.88,5.049086480470509,0.6931471805599453,0
15743,16,4,775.96,6.655388868991024,1.6094379124341003,0
15744,78,1,34.8,3.5779478934066544,0.6931471805599453,0
15745,19,4,1094.59,6.999048309928502,1.6094379124341003,0
15746,134,1,196.88,5.287660786359508,0.6931471805599453,0
15747,13,3,946.64,6.85397468329749,1.3862943611198906,0
15748,40,1,144.36,4.979213424087916,0.6931471805599453,0
15749,235,3,44534.3,10.70403741211812,1.3862943611198906,0
15750,3,8,2463.05,7.809561616655318,2.1972245773362196,0
15752,40,7,2626.6,7.873826161018318,2.0794415416798357,0
15753,305,1,79.2,4.384523514872469,0.6931471805599453,0
15754,51,3,458.57,6.130291269692714,1.3862943611198906,0
15755,10,6,2364.25,7.768639003584553,1.9459101490553132,0
15756,61,4,528.01,6.271007335271311,1.6094379124341003,0
15757,66,2,714.42,6.572869782822179,1.0986122886681098,0
15758,25,1,205.25,5.32908902521479,0.6931471805599453,0
15759,218,3,253.04,5.537491734934774,1.3862943611198906,0
15762,65,2,583.75,6.371184405464288,1.0986122886681098,0
15763,32,2,1086.92,6.992022895300703,1.0986122886681098,0
15764,88,6,3279.97,8.095894389365505,1.9459101490553132,0
15766,64,1,315.06,5.755932068980957,0.6931471805599453,0
15768,116,3,621.8299999999999,6.434273608356567,1.3862943611198906,0
15769,7,26,56252.72,10.937627451213288,3.295836866004329,1
15773,6,1,635.6800000000001,6.4562671745616536,0.6931471805599453,0
15774,69,1,270.8,5.605066501717044,0.6931471805599453,0
15775,245,1,104.9,4.662495252607361,0.6931471805599453,0
15776,133,1,241.62,5.491496433342773,0.6931471805599453,0
15777,241,4,1047.11,6.954743821204941,1.6094379124341003,0
15780,184,3,475.28000000000003,6.166005916582974,1.3862943611198906,0
15781,25,3,345.46,5.847767371850795,1.3862943611198906,0
15782,10,3,2614.7400000000002,7.869302319258532,1.3862943611198906,0
15783,11,1,246.3,5.510602174527371,0.6931471805599453,0
15785,33,5,2328.9700000000003,7.753610670940375,1.791759469228055,0
15786,46,3,4919.0,8.501063809486354,1.3862943611198906,0
15787,26,3,933.26,6.839754772081388,1.3862943611198906,0
15789,358,1,351.3,5.864483085347192,0.6931471805599453,0
15790,10,1,218.75,5.392490536565286,0.6931471805599453,0
15791,44,2,1612.69,7.386278760989393,1.0986122886681098,0
15793,15,3,965.61,6.873795104898541,1.3862943611198906,0
15795,150,1,610.01,6.415113325649775,0.6931471805599453,0
15796,1,8,2708.61,7.904559992078387,2.1972245773362196,0
15797,113,4,2207.4,7.70002355040989,1.6094379124341003,0
15799,76,3,884.14,6.785745824587275,1.3862943611198906,0
15800,107,2,696.89,6.548061497220062,1.0986122886681098,0
15801,46,3,1063.95,6.97068312868461,1.3862943611198906,0
15802,143,1,451.42,6.11461095192969,0.6931471805599453,0
15803,51,1,415.82000000000005,6.032654473932845,0.6931471805599453,0
15804,1,13,4206.39,8.344597781932357,2.6390573296152584,0
15805,23,17,5488.18,8.61053416087066,2.8903717578961645,0
15806,46,3,784.58,6.666422298467717,1.3862943611198906,0
15807,50,3,903.9,6.807824440357088,1.3862943611198906,0
15808,306,4,3651.27,8.20310417107402,1.6094379124341003,0
15809,36,5,515.77,6.247597901247849,1.791759469228055,0
15810,79,4,1391.98,7.239200616174941,1.6094379124341003,0
15811,22,6,2218.62,7.705091289043697,1.9459101490553132,0
15812,107,5,1801.14,7.496730126604398,1.791759469228055,0
15813,208,2,1303.9099999999999,7.173889351861321,1.0986122886681098,0
15814,17,4,1945.33,7.573700826991937,1.6094379124341003,0
15815,64,5,2100.6,7.65045423837133,1.791759469228055,0
15819,49,4,1905.45,7.552998152884997,1.6094379124341003,0
15820,320,1,206.98,5.337441921232086,0.6931471805599453,0
15821,44,2,570.96,6.349069058864647,1.0986122886681098,0
15822,3,2,885.47,6.787247283994098,1.0986122886681098,0
15823,372,1,15.0,2.772588722239781,0.6931471805599453,0
15825,172,1,532.94,6.2802834730968256,0.6931471805599453,0
15826,56,3,1654.31,7.411743581448863,1.3862943611198906,0
15827,73,14,1836.0900000000001,7.515938076938256,2.70805020110221,0
15829,99,2,636.14,6.456989411643809,1.0986122886681098,0
15830,38,1,576.0,6.3578422665081,0.6931471805599453,0
15831,58,3,794.64,6.67914682223686,1.3862943611198906,0
15832,254,1,836.79,6.7307674724187825,0.6931471805599453,0
15834,70,4,2225.15,7.708028915009937,1.6094379124341003,0
15835,44,4,954.09,6.861805576878038,1.6094379124341003,0
15836,50,1,137.37,4.929931256681293,0.6931471805599453,0
15837,65,1,391.98,5.97375871998905,0.6931471805599453,0
15838,11,19,33643.08,10.423592390918046,2.995732273553991,0
15839,33,3,1048.49,6.9560596108684605,1.3862943611198906,0
15840,59,2,355.56,5.876502528638301,1.0986122886681098,0
15841,73,4,1224.06,7.110745101371203,1.6094379124341003,0
15843,304,1,118.95000000000002,4.787074989285704,0.6931471805599453,0
15844,46,1,130.73999999999998,4.880830283212546,0.6931471805599453,0
15845,18,8,3711.77,8.219533507739182,2.1972245773362196,0
15847,38,2,389.27,5.966838807281578,1.0986122886681098,0
15850,19,2,234.88,5.463323201132304,1.0986122886681098,0
15852,187,2,160.71,5.085804607589853,1.0986122886681098,0
15853,52,1,110.8,4.716711560720999,0.6931471805599453,0
15854,4,12,2969.12,7.996357635020928,2.5649493574615367,0
15855,137,5,712.24,6.569817969665846,1.791759469228055,0
15856,4,27,16143.64,9.689343385018718,3.332204510175204,0
15857,19,1,297.0,5.697093486505405,0.6931471805599453,0
15858,16,5,1427.57,7.264429222920369,1.791759469228055,0
15860,41,8,965.16,6.87332945196712,2.1972245773362196,0
15861,12,8,3146.92,8.054497196253768,2.1972245773362196,0
15862,8,4,832.88,6.726089507114236,1.6094379124341003,0
15863,26,2,68.84,4.246206911531347,1.0986122886681098,0
15864,22,6,1936.3200000000002,7.569060853685924,1.9459101490553132,0
15865,41,3,895.13,6.798085491736212,1.3862943611198906,0
15866,101,1,211.89,5.3607756003876466,0.6931471805599453,0
15867,5,15,3810.14,8.24568363596401,2.772588722239781,0
15869,277,2,149.64,5.014892884348897,1.0986122886681098,0
15870,33,1,351.44,5.864880394998529,0.6931471805599453,0
15872,15,2,316.25,5.759690106594497,1.0986122886681098,0
15874,64,7,4405.88,8.390922235063499,2.0794415416798357,0
15877,2,2,490.33,6.197115999797643,1.0986122886681098,0
15880,369,1,329.03000000000003,5.799183559419454,0.6931471805599453,0
15881,312,5,501.39000000000004,6.219376710497294,1.791759469228055,0
15882,199,4,516.36,6.248738957138337,1.6094379124341003,0
15883,2,2,396.48,5.9851446183631625,1.0986122886681098,0
15885,93,3,379.35,5.9410918814433105,1.3862943611198906,0
15886,60,1,181.09,5.204501070343752,0.6931471805599453,0
15888,81,1,168.31,5.131731354140141,0.6931471805599453,0
15889,157,2,420.07,6.042799090644775,1.0986122886681098,0
15891,227,1,511.68,6.239651868861623,0.6931471805599453,0
15894,253,2,258.25,5.557792847109637,1.0986122886681098,0
15895,150,1,179.17,5.1939008496276085,0.6931471805599453,0
15897,194,2,208.59,5.345153241385068,1.0986122886681098,0
15898,1,5,1383.83,7.233332667405506,1.791759469228055,0
15899,369,1,56.25,4.047427642434349,0.6931471805599453,0
15900,24,1,337.28,5.8238739549140215,0.6931471805599453,0
15901,17,3,351.73,5.86570289174782,1.3862943611198906,0
15903,10,7,5126.76,8.54242419563319,2.0794415416798357,0
15904,8,1,164.68,5.110058217087329,0.6931471805599453,0
15906,20,7,1567.69,7.357996155136706,2.0794415416798357,0
15907,4,3,882.72,6.784140270382827,1.3862943611198906,0
15909,174,1,191.94,5.262379259742407,0.6931471805599453,0
15910,1,8,1228.88,7.114671882631472,2.1972245773362196,0
15912,178,2,264.62,5.582066715972105,1.0986122886681098,0
15916,16,8,1502.8600000000001,7.3157904150707145,2.1972245773362196,0
15917,248,1,123.1,4.821087692210561,0.6931471805599453,0
15918,191,2,334.23,5.814816863409831,1.0986122886681098,0
15919,20,2,525.69,6.266612140168987,1.0986122886681098,0
15920,154,4,167.5,5.126935749792416,1.6094379124341003,0
15921,173,1,323.03000000000003,5.780836104098492,0.6931471805599453,0
15922,373,1,369.5,5.914853444736141,0.6931471805599453,0
15923,373,1,127.08,4.852655068688459,0.6931471805599453,0
15925,194,1,207.15,5.3382589736409845,0.6931471805599453,0
15930,67,1,426.63,6.058258335716989,0.6931471805599453,0
15932,4,8,2495.87,7.822793226449505,2.1972245773362196,0
15933,21,3,1107.46,7.010726943606016,1.3862943611198906,0
15935,239,2,416.86,6.035146448194105,1.0986122886681098,0
15937,64,1,145.35,4.986001013137895,0.6931471805599453,0
15938,112,5,404.58,6.0053181413965175,1.791759469228055,0
15939,90,15,6115.01,8.718665202103209,2.772588722239781,0
15940,311,1,35.8,3.6054978451748854,0.6931471805599453,0
15942,134,1,337.44,5.8243468240563,0.6931471805599453,0
15944,277,1,325.1,5.787204082795274,0.6931471805599453,0
15945,365,1,181.0,5.204006687076795,0.6931471805599453,0
15947,83,1,1708.24,7.443804106257556,0.6931471805599453,0
15948,8,2,955.24,6.863008927569726,1.0986122886681098,0
15949,17,2,364.72,5.901868013296226,1.0986122886681098,0
15950,32,4,1744.71,7.464916628675443,1.6094379124341003,0
15951,9,2,708.22,6.56416577459204,1.0986122886681098,0
15952,34,4,781.91,6.663017746855669,1.6094379124341003,0
15953,15,8,1657.28,7.413536199603394,2.1972245773362196,0
15955,24,14,4416.26,8.393274873346142,2.70805020110221,0
15957,32,1,428.89,6.063529362008149,0.6931471805599453,0
15958,74,1,104.35,4.6572881402501976,0.6931471805599453,0
15963,20,2,470.76,6.156470381692249,1.0986122886681098,0
15965,17,4,808.87,6.696873740958812,1.6094379124341003,0
15967,23,2,397.68,5.988159090099256,1.0986122886681098,0
15969,3,3,666.1,6.502939959715469,1.3862943611198906,0
15970,304,1,314.1,5.752890048763229,0.6931471805599453,0
15971,18,12,4199.85,8.343042164747578,2.5649493574615367,0
15973,367,1,307.82000000000005,5.732758582892719,0.6931471805599453,0
15974,39,7,3442.15,8.14414202904651,2.0794415416798357,0
15975,84,1,371.01,5.91892073563227,0.6931471805599453,0
15976,165,2,427.64,6.0606174057962985,1.0986122886681098,0
15977,17,2,1054.73,6.961987749755856,1.0986122886681098,0
15978,77,1,1098.78,7.002865438783795,0.6931471805599453,0
15980,89,3,2398.86,7.783165681301249,1.3862943611198906,0
15981,25,8,3408.48,8.134315065980752,2.1972245773362196,0
15983,22,4,1465.12,7.29037473448544,1.6094379124341003,0
15984,3,10,2780.63,7.930792365795113,2.3978952727983707,0
15985,123,2,1142.42,7.04177905036834,1.0986122886681098,0
15986,30,1,168.12,5.1306085221219275,0.6931471805599453,0
15987,12,7,1432.77,7.268062617779592,2.0794415416798357,0
15988,19,1,156.78,5.061201657666944,0.6931471805599453,0
15990,44,2,792.11,6.675961925760257,1.0986122886681098,0
15992,4,1,41.989999999999995,3.76096753050819,0.6931471805599453,0
15993,9,7,2777.67,7.929727674940442,2.0794415416798357,0
15994,55,1,414.27,6.028928911090341,0.6931471805599453,0
15996,88,6,1032.58,6.940783782995926,1.9459101490553132,0
15998,37,5,3080.22,8.033080901435286,1.791759469228055,0
16000,3,3,12393.7,9.4250242408686,1.3862943611198906,0
16003,30,5,2735.37,7.914387503517288,1.791759469228055,0
16005,12,4,578.71,6.3625279784987825,1.6094379124341003,0
16006,211,1,101.4,4.628886712605407,0.6931471805599453,0
16007,48,4,1693.81,7.435325919136224,1.6094379124341003,0
16008,24,3,478.78,6.173327665501776,1.3862943611198906,0
16009,22,4,972.11,6.880497128211273,1.6094379124341003,0
16010,246,3,392.4,5.974826905954958,1.3862943611198906,0
16011,8,16,3352.96,8.1178970162536,2.833213344056216,0
16012,35,3,1415.29,7.255796055544432,1.3862943611198906,0
16013,4,47,37130.6,10.522223638082181,3.871201010907891,1
16014,38,3,646.83,6.473628316254615,1.3862943611198906,0
16015,4,3,704.55,6.55897764050377,1.3862943611198906,0
16016,3,8,1465.51,7.290640707350956,2.1972245773362196,0
16017,47,1,211.88,5.360728626669434,0.6931471805599453,0
16018,39,2,408.90000000000003,6.015913227510292,1.0986122886681098,0
16019,47,9,3786.2400000000002,8.239392800596635,2.302585092994046,0
16020,17,3,851.01,6.747598263849638,1.3862943611198906,0
16022,260,1,602.63,6.402961427447865,0.6931471805599453,0
16023,46,3,719.81,6.58037557967181,1.3862943611198906,0
16024,12,1,251.03,5.5295481280448655,0.6931471805599453,0
16025,30,1,439.65999999999997,6.0882736030360425,0.6931471805599453,0
16026,43,1,236.09,5.468439815884993,0.6931471805599453,0
16027,92,6,934.62,6.841209411138237,1.9459101490553132,0
16029,39,63,80850.84,11.300373622940477,4.1588830833596715,1
16030,310,1,331.24,5.805857599322498,0.6931471805599453,0
16031,92,2,547.9,6.3079162755558436,1.0986122886681098,0
16033,6,20,8778.82,9.080211185280058,3.044522437723423,0
16034,196,3,437.7,6.083815808172168,1.3862943611198906,0
16036,87,2,758.92,6.633213164581927,1.0986122886681098,0
16037,270,3,855.02,6.752293740354778,1.3862943611198906,0
16038,8,3,471.78000000000003,6.158630164012735,1.3862943611198906,0
16040,65,3,1313.55,7.181249680723068,1.3862943611198906,0
16041,31,3,3166.4,8.060666341057626,1.3862943611198906,0
16042,22,5,1177.47,7.071972265963926,1.791759469228055,0
16043,38,4,773.99,6.652850126044293,1.6094379124341003,0
16045,120,4,1340.7,7.201692745596426,1.6094379124341003,0
16048,373,2,256.44,5.550786683244073,1.0986122886681098,0
16049,40,3,1074.81,6.980829145204009,1.3862943611198906,0
16050,174,1,137.9,4.933754249760298,0.6931471805599453,0
16052,54,1,362.06,5.894568109862285,0.6931471805599453,0
16053,33,2,1511.95,7.321816666315659,1.0986122886681098,0
16054,145,1,783.9,6.665556321132768,0.6931471805599453,0
16055,221,1,134.8,4.911183215124596,0.6931471805599453,0
16056,45,1,650.75,6.479661052813611,0.6931471805599453,0
16057,16,7,2263.12,7.724941441452005,2.0794415416798357,0
16059,66,6,1453.16,7.282183693304844,1.9459101490553132,0
16062,10,4,1153.62,7.051526564493091,1.6094379124341003,0
16063,260,1,335.32,5.818063087688587,0.6931471805599453,0
16065,365,1,367.14,5.908463300604576,0.6931471805599453,0
16066,17,5,1521.04,7.327806819285222,1.791759469228055,0
16070,22,2,852.15,6.748935381973274,1.0986122886681098,0
16071,45,1,326.24,5.790693846645498,0.6931471805599453,0
16072,288,1,584.3199999999999,6.3721587062242255,0.6931471805599453,0
16073,297,1,122.39999999999999,4.8154311114712876,0.6931471805599453,0
16076,3,10,2234.73,7.712323075642278,2.3978952727983707,0
16078,284,1,79.2,4.384523514872469,0.6931471805599453,0
16079,17,3,1352.0,7.210079628170788,1.3862943611198906,0
16080,82,2,217.16,5.385228738537333,1.0986122886681098,0
16081,56,5,2799.42,7.93752468491442,1.791759469228055,0
16083,101,2,1317.62,7.184341014166175,1.0986122886681098,0
16084,299,1,436.18,6.0803450096018565,0.6931471805599453,0
16085,23,5,981.51,6.890110521808668,1.791759469228055,0
16086,59,5,1121.39,7.023215619268875,1.791759469228055,0
16091,155,2,315.06,5.755932068980957,1.0986122886681098,0
16092,115,3,817.86,6.707913129070193,1.3862943611198906,0
16093,107,1,17.0,2.8903717578961645,0.6931471805599453,0
16094,12,4,1078.23,6.984003102876341,1.6094379124341003,0
16096,264,1,320.62,5.773370724425878,0.6931471805599453,0
16097,240,1,185.04999999999998,5.226015454792631,0.6931471805599453,0
16098,88,7,2005.63,7.604211977042565,2.0794415416798357,0
16099,50,3,731.9,6.597009266931805,1.3862943611198906,0
16101,71,1,1290.7,7.16371445923797,0.6931471805599453,0
16102,42,3,1842.14,7.519225917888408,1.3862943611198906,0
16103,7,6,1429.64,7.265877175579781,1.9459101490553132,0
16104,62,1,298.21,5.701145668001697,0.6931471805599453,0
16105,249,1,336.96,5.822927545284644,0.6931471805599453,0
16106,66,1,108.38,4.694828057918627,0.6931471805599453,0
16107,18,7,3204.1600000000003,8.072517290105589,2.0794415416798357,0
16108,85,1,842.5,6.737559901986023,0.6931471805599453,0
16109,219,2,611.88,6.418169158208565,1.0986122886681098,0
16110,45,3,1320.95,7.186863198213779,1.3862943611198906,0
16112,143,4,195.73999999999998,5.281883060084612,1.6094379124341003,0
16113,183,1,161.38,5.089939267434301,0.6931471805599453,0
16114,171,1,135.75000000000003,4.918154441302091,0.6931471805599453,0
16115,10,8,1660.8799999999999,7.415704770642627,2.1972245773362196,0
16116,212,1,612.78,6.419636557751217,0.6931471805599453,0
16117,190,1,232.21,5.451939335203601,0.6931471805599453,0
16119,8,2,423.36,6.050582151591071,1.0986122886681098,0
16120,59,4,1309.14,7.1778892807139885,1.6094379124341003,0
16121,57,2,854.66,6.751873100976731,1.0986122886681098,0
16122,73,4,684.4200000000001,6.530031789055632,1.6094379124341003,0
16123,52,1,307.78,5.732629049213781,0.6931471805599453,0
16124,317,1,249.0,5.521460917862246,0.6931471805599453,0
16125,367,1,289.35,5.671087091818059,0.6931471805599453,0
16126,29,4,6287.77,8.74652078208272,1.6094379124341003,0
16127,39,1,656.25,6.488064463609991,0.6931471805599453,0
16128,18,5,1880.22,7.53967578152618,1.791759469228055,0
16131,52,6,3506.54,8.162670216045587,1.9459101490553132,0
16133,4,33,14589.04,9.588094383116912,3.5263605246161616,0
16134,22,2,618.09,6.428250657915328,1.0986122886681098,0
16135,263,1,517.55,6.251036455035743,0.6931471805599453,0
16136,60,3,709.38,6.5658000381285,1.3862943611198906,0
16139,19,3,635.41,6.455843009727984,1.3862943611198906,0
16140,66,2,725.18,6.587797917978567,1.0986122886681098,0
16141,88,1,620.4,6.431974996958947,0.6931471805599453,0
16142,250,1,535.34,6.284768288327816,0.6931471805599453,0
16143,3,6,2424.94,7.793974357128903,1.9459101490553132,0
16144,247,1,175.2,5.171619713502079,0.6931471805599453,0
16145,9,11,3799.4900000000002,8.242885284769901,2.4849066497880004,0
16146,157,3,734.13,6.600047354321349,1.3862943611198906,0
16147,134,1,375.0,5.929589143389895,0.6931471805599453,0
16148,296,1,76.32000000000001,4.34795265434013,0.6931471805599453,0
16149,5,2,280.52,5.640203493013329,1.0986122886681098,0
16150,43,5,2053.02,7.627554127539443,1.791759469228055,0
16152,269,1,1829.04,7.512093103520083,0.6931471805599453,0
16153,50,5,1824.23,7.5094612854730665,1.791759469228055,0
16156,9,9,3092.04,8.03690970502951,2.302585092994046,0
16157,16,3,656.69,6.488733695691184,1.3862943611198906,0
16159,282,1,348.2,5.855644823965447,0.6931471805599453,0
16160,65,2,1025.44,6.933851783703411,1.0986122886681098,0
16161,2,19,5533.67,8.618787222769154,2.995732273553991,0
16162,252,1,37.4,3.648057459593681,0.6931471805599453,0
16163,232,2,856.6,6.754137790316538,1.0986122886681098,0
16164,17,3,822.48,6.713539262741108,1.3862943611198906,0
16168,11,27,3787.6,8.239751836694179,3.332204510175204,0
16169,8,4,1822.97,7.5087707231305965,1.6094379124341003,0
16170,51,6,1885.05,7.542239973976665,1.9459101490553132,0
16171,59,1,73.2,4.3067641501733345,0.6931471805599453,0
16172,95,5,1140.21,7.039844382006876,1.791759469228055,0
16173,16,6,1418.32,7.257933162659462,1.9459101490553132,0
16174,126,3,1009.5500000000001,6.918250016074778,1.3862943611198906,0
16175,94,4,1037.59,6.945619303018016,1.6094379124341003,0
16177,50,1,331.95,5.807992328556631,0.6931471805599453,0
16178,138,1,197.9,5.292802185859927,0.6931471805599453,0
16179,61,1,215.83,5.379113636376126,0.6931471805599453,0
16180,100,8,10254.18,9.235538222765896,2.1972245773362196,0
16181,73,1,305.54,5.725348252570762,0.6931471805599453,0
16182,72,4,6617.65,8.797646700642568,1.6094379124341003,0
16183,67,1,338.71000000000004,5.828092312472438,0.6931471805599453,0
16184,64,6,1158.79,7.055994233228931,1.9459101490553132,0
16185,17,2,529.41,6.273650292389248,1.0986122886681098,0
16186,23,12,4006.94,8.296032672592768,2.5649493574615367,0
16187,32,15,6911.4400000000005,8.841077965865253,2.772588722239781,0
16188,45,4,981.86,6.890466688844595,1.6094379124341003,0
16189,16,2,215.48,5.3774981644224775,1.0986122886681098,0
16190,40,1,215.08,5.37564870948436,0.6931471805599453,0
16191,3,13,5180.52,8.552853728502956,2.6390573296152584,0
16193,237,1,314.45,5.754000190816819,0.6931471805599453,0
16198,75,1,400.68100000000004,5.995658241267267,0.6931471805599453,0
16200,4,2,1068.8700000000001,6.975292424747694,1.0986122886681098,0
16201,3,4,1863.47,7.530732109384843,1.6094379124341003,0
16202,361,1,365.27,5.903370766348874,0.6931471805599453,0
16203,59,4,592.9,6.386710955021814,1.6094379124341003,0
16204,23,1,384.18,5.953710757496066,0.6931471805599453,0
16205,31,4,757.63,6.631514175005942,1.6094379124341003,0
16206,55,4,537.0600000000001,6.287970078106996,1.6094379124341003,0
16207,25,1,394.38,5.979847327767791,0.6931471805599453,0
16208,45,2,664.26,6.500177941687698,1.0986122886681098,0
16209,89,5,2262.62,7.724720580712637,1.791759469228055,0
16210,2,18,21086.3,9.956426242517606,2.9444389791664403,0
16211,89,1,547.02,6.306311782632405,0.6931471805599453,0
16212,19,2,690.34,6.538631743276411,1.0986122886681098,0
16213,79,1,159.0,5.075173815233827,0.6931471805599453,0
16214,171,3,1062.75,6.969555679887584,1.3862943611198906,0
16215,81,1,242.35,5.494500736279464,0.6931471805599453,0
16216,267,1,914.9300000000001,6.81993994254006,0.6931471805599453,0
16217,235,2,304.25,5.721131112990814,1.0986122886681098,0
16218,30,7,3084.68,8.034527333444103,2.0794415416798357,0
16221,37,3,860.86,6.759092844480235,1.3862943611198906,0
16222,318,1,773.5500000000001,6.652282215552372,0.6931471805599453,0
16224,57,4,1295.3,7.167269331605997,1.6094379124341003,0
16225,45,5,1096.32,7.000626122386744,1.791759469228055,0
16226,203,3,255.12,5.545646084650602,1.3862943611198906,0
16227,225,1,314.22,5.753270807747395,0.6931471805599453,0
16229,87,2,1010.6,6.91928851479581,1.0986122886681098,0
16230,190,2,542.03,6.297164567026571,1.0986122886681098,0
16232,44,4,990.88,6.89960213222575,1.6094379124341003,0
16233,71,3,536.6800000000001,6.287263587661711,1.3862943611198906,0
16235,41,5,867.31,6.766548793757163,1.791759469228055,0
16236,78,1,432.2,6.071199515126835,0.6931471805599453,0
16239,57,2,414.2,6.028760331851679,1.0986122886681098,0
16240,24,2,3718.8,8.221425182381026,1.0986122886681098,0
16241,10,13,2590.31,7.859918818329966,2.6390573296152584,0
16242,8,7,3579.86,8.183358274009397,2.0794415416798357,0
16243,34,2,409.1,6.016401032398013,1.0986122886681098,0
16244,212,2,1522.75,7.328929680795481,1.0986122886681098,0
16245,24,3,1413.66,7.254644498519316,1.3862943611198906,0
16247,170,1,114.56,4.749789875598035,0.6931471805599453,0
16248,62,1,152.94,5.036562916106171,0.6931471805599453,0
16249,53,5,1800.07,7.496136211716589,1.791759469228055,0
16250,261,2,389.44,5.967274308306765,1.0986122886681098,0
16253,67,2,3683.86,8.21198781204284,1.0986122886681098,0
16255,17,8,2619.91,7.871276864694926,2.1972245773362196,0
16256,267,1,752.4300000000001,6.624636113950167,0.6931471805599453,0
16257,177,1,46.95,3.8701588013294472,0.6931471805599453,0
16258,45,5,5203.51,8.557280836367838,1.791759469228055,0
16260,51,1,1035.45,6.9435566914455205,0.6931471805599453,0
16261,17,4,728.54,6.592414198536382,1.6094379124341003,0
16265,9,9,5447.0,8.60300384782935,2.302585092994046,0
16266,74,7,861.89,6.760287220618741,2.0794415416798357,0
16268,71,2,667.65,6.5052607543188055,1.0986122886681098,0
16270,353,1,1141.24,7.040746525754151,0.6931471805599453,0
16271,3,5,1404.64,7.248247994066157,1.791759469228055,0
16272,117,1,411.7,6.022720936758536,0.6931471805599453,0
16274,373,1,351.75,5.865759590732924,0.6931471805599453,0
16275,197,1,559.87,6.329489149614112,0.6931471805599453,0
16276,177,1,810.6000000000001,6.69900760795166,0.6931471805599453,0
16278,100,1,566.38,6.34102927325157,0.6931471805599453,0
16279,21,3,1502.78,7.315737217214576,1.3862943611198906,0
16281,72,1,2062.06,7.6319455965067835,0.6931471805599453,0
16282,340,1,168.3,5.13167228913909,0.6931471805599453,0
16283,6,5,1570.81,7.359983100544423,1.791759469228055,0
16284,31,2,812.68,6.70156716831734,1.0986122886681098,0
16287,170,1,142.5,4.966335035199676,0.6931471805599453,0
16292,122,1,302.25,5.7145575478241595,0.6931471805599453,0
16293,22,10,2248.9900000000002,7.718681050744145,2.3978952727983707,0
16295,10,4,1328.55,7.192595818099261,1.6094379124341003,0
16297,269,1,301.9,5.713402718033191,0.6931471805599453,0
16298,23,3,598.2,6.3955954322030095,1.3862943611198906,0
16302,127,1,233.22,5.4562608446139915,0.6931471805599453,0
16303,26,3,5360.63,8.587023312312065,1.3862943611198906,0
16305,139,1,361.21999999999997,5.8922517620363895,0.6931471805599453,0
16306,214,6,632.27,6.450896871486089,1.9459101490553132,0
16308,38,4,2560.0,7.848153086199526,1.6094379124341003,0
16309,106,2,706.57,6.56183656455249,1.0986122886681098,0
16311,18,2,616.26,6.425290328985104,1.0986122886681098,0
16313,3,2,274.15000000000003,5.617316403505768,1.0986122886681098,0
16315,331,1,226.37,5.426578646492048,0.6931471805599453,0
16316,64,8,2938.91,7.986134247619265,2.1972245773362196,0
16317,120,3,1341.65,7.202400551985058,1.3862943611198906,0
16318,35,1,328.15,5.796513573913885,0.6931471805599453,0
16319,218,1,404.40000000000003,6.004874234017899,0.6931471805599453,0
16320,172,2,1038.46,6.946456626519212,1.0986122886681098,0
16321,72,5,373.65000000000003,5.92599225681032,1.791759469228055,0
16322,1,2,326.75,5.792251122643809,1.0986122886681098,0
16323,196,1,207.50000000000003,5.339939041238856,0.6931471805599453,0
16324,128,3,408.59000000000003,6.01515665936477,1.3862943611198906,0
16325,47,3,594.24,6.38896468556185,1.3862943611198906,0
16326,6,14,3039.2200000000003,8.019685160202853,2.70805020110221,0
16327,14,6,3820.27,8.248338107080782,1.9459101490553132,0
16330,18,3,251.91,5.533033694214862,1.3862943611198906,0
16332,28,7,1582.8,7.367582301776312,2.0794415416798357,0
16333,8,22,26626.8,10.189711061801596,3.1354942159291497,0
16337,37,1,151.05,5.024209414123374,0.6931471805599453,0
16338,157,1,214.79999999999998,5.374352052824034,0.6931471805599453,0
16339,284,1,94.05,4.554403068934438,0.6931471805599453,0
16340,107,1,534.31,6.28284601833824,0.6931471805599453,0
16341,25,4,1971.87,7.587244614343444,1.6094379124341003,0
16342,75,4,322.41,5.778920868124441,1.6094379124341003,0
16343,16,2,328.58,5.797819116582584,1.0986122886681098,0
16344,158,1,101.10000000000001,4.62595272517062,0.6931471805599453,0
16345,44,1,565.46,6.33940646897248,0.6931471805599453,0
16347,11,2,847.45,6.743411155418835,1.0986122886681098,0
16348,32,7,1415.65,7.256050208475266,2.0794415416798357,0
16349,291,1,53.5,3.9982007016691985,0.6931471805599453,0
16350,21,4,1116.47,7.018822480489789,1.6094379124341003,0
16351,333,1,153.9,5.042779747422823,0.6931471805599453,0
16352,18,2,494.44,6.205446256629806,1.0986122886681098,0
16353,4,23,6675.71,8.806380630235296,3.1780538303479458,0
16354,63,2,395.8,5.983432375410718,1.0986122886681098,0
16356,198,3,211.77,5.360211770085627,1.3862943611198906,0
16357,33,3,658.88,6.492058000307724,1.3862943611198906,0
16358,1,4,2027.5,7.615051882646502,1.6094379124341003,0
16359,7,9,1750.92,7.468467608353334,2.302585092994046,0
16360,5,6,3450.41,8.146538122184259,1.9459101490553132,0
16361,10,4,891.21,6.793701530880624,1.6094379124341003,0
16362,32,5,709.99,6.566658365006723,1.791759469228055,0
16363,53,1,109.36000000000001,4.703747749349086,0.6931471805599453,0
16364,12,2,705.79,6.560733592071543,1.0986122886681098,0
16365,18,9,1540.42,7.340459348477051,2.302585092994046,0
16366,19,1,327.3,5.793927824507547,0.6931471805599453,0
16367,37,2,800.67,6.686697051867266,1.0986122886681098,0
16368,2,2,479.91,6.175680142411356,1.0986122886681098,0
16369,18,3,1545.41,7.343691394505391,1.3862943611198906,0
16370,82,4,1301.91,7.172355503365555,1.6094379124341003,0
16372,33,2,355.73,5.876979193117597,1.0986122886681098,0
16374,66,2,466.73,6.14789120635657,1.0986122886681098,0
16376,9,2,974.96,6.883421601966684,1.0986122886681098,0
16377,267,1,676.2,6.51796665025898,0.6931471805599453,0
16378,247,3,362.95,5.897016495564267,1.3862943611198906,0
16379,4,4,2157.4,7.677122485453491,1.6094379124341003,0
16380,61,1,1743.1499999999999,7.46402260994466,0.6931471805599453,0
16383,75,2,643.76,6.46887815452873,1.0986122886681098,0
16384,90,2,584.5,6.372466183037772,1.0986122886681098,0
16385,60,3,554.86,6.320516463982851,1.3862943611198906,0
16386,29,2,302.57,5.715612226409778,1.0986122886681098,0
16387,323,1,94.36,4.55765920331704,0.6931471805599453,0
16389,53,4,1382.07,7.2320609449898114,1.6094379124341003,0
16392,270,1,217.89,5.388569320525063,0.6931471805599453,0
16393,2,13,3040.96,8.020257323488867,2.6390573296152584,0
16394,57,5,1555.34,7.350092189866152,1.791759469228055,0
16395,61,5,1482.06,7.3018627998495145,1.791759469228055,0
16398,154,2,1705.8,7.4423755513138445,1.0986122886681098,0
16399,19,2,408.02,6.013764054602749,1.0986122886681098,0
16400,95,1,303.93,5.720082242069654,0.6931471805599453,0
16401,1,12,4098.32,8.318576385278623,2.5649493574615367,0
16402,265,2,293.45,5.685109209390579,1.0986122886681098,0
16403,312,1,177.5,5.184588601219693,0.6931471805599453,0
16404,70,1,443.05,6.095937168704513,0.6931471805599453,0
16405,302,2,167.25,5.125450968524837,1.0986122886681098,0
16406,19,1,154.35,5.045680635839056,0.6931471805599453,0
16407,13,10,2079.68,7.640450042344582,2.3978952727983707,0
16409,36,5,2022.98,7.61282114893561,1.791759469228055,0
16411,19,2,211.7,5.3598827222061916,1.0986122886681098,0
16412,54,1,135.99,4.919907930463299,0.6931471805599453,0
16413,57,1,262.2,5.572914199451162,0.6931471805599453,0
16414,22,2,126.25,4.846153655430632,1.0986122886681098,0
16415,44,1,200.27,5.304647290242906,0.6931471805599453,0
16416,27,3,1051.4,6.958828549166138,1.3862943611198906,0
16418,45,3,631.12,6.449079249540903,1.3862943611198906,0
16419,113,6,958.71,6.866631155492188,1.9459101490553132,0
16422,17,51,34684.4,10.454074128115597,3.9512437185814275,1
16423,25,1,346.12,5.849670541490095,0.6931471805599453,0
16424,191,1,133.56,4.902010196224638,0.6931471805599453,0
16425,302,1,302.7,5.716040372051703,0.6931471805599453,0
16426,2,10,1863.76,7.530887637470042,2.3978952727983707,0
16427,263,2,241.06,5.489185629310458,1.0986122886681098,0
16429,106,1,284.55,5.654417145110872,0.6931471805599453,0
16430,57,1,300.85,5.709930205242435,0.6931471805599453,0
16431,213,3,623.28,6.436598985674353,1.3862943611198906,0
16432,64,1,287.4,5.664348405410794,0.6931471805599453,0
16433,28,1,184.26,5.221760243825881,0.6931471805599453,0
16434,29,7,1511.8,7.321717517344248,2.0794415416798357,0
16438,6,5,798.35,6.683798897410901,1.791759469228055,0
16440,8,5,3640.67,8.20019764662707,1.791759469228055,0
16441,67,2,381.2,5.945944031806173,1.0986122886681098,0
16442,2,3,609.3,6.413950639550449,1.3862943611198906,0
16444,46,4,654.67,6.485657613592114,1.6094379124341003,0
16445,34,1,230.51,5.444623069137621,0.6931471805599453,0
16446,1,2,168472.5,12.034533746376653,1.0986122886681098,1
16447,136,1,255.91,5.548725829010259,0.6931471805599453,0
16448,198,1,182.99,5.214881408306002,0.6931471805599453,0
16449,198,2,707.69,6.563418195373777,1.0986122886681098,0
16450,150,1,311.92,5.74594756681688,0.6931471805599453,0
16451,88,1,266.97,5.590875033946567,0.6931471805599453,0
16454,45,2,6.9,2.066862759472976,1.0986122886681098,0
16455,64,7,1841.18,7.518704931910683,2.0794415416798357,0
16456,99,5,2158.18,7.677483798971011,1.791759469228055,0
16457,218,1,208.36,5.34405525822189,0.6931471805599453,0
16458,3,18,3482.7400000000002,8.155861708321998,2.9444389791664403,0
16460,28,3,811.23,6.699783551285148,1.3862943611198906,0
16461,178,1,142.92,4.969257589642278,0.6931471805599453,0
16462,74,3,136.0,4.919980925828125,1.3862943611198906,0
16463,21,4,1422.4,7.260803654865171,1.6094379124341003,0
16464,20,3,1298.66,7.169857970780942,1.3862943611198906,0
16466,34,7,1595.96,7.375857100938276,2.0794415416798357,0
16468,74,1,74.9,4.3294166844015844,0.6931471805599453,0
16469,24,4,625.42,6.440021072647094,1.6094379124341003,0
16470,52,4,752.77,6.625087281686058,1.6094379124341003,0
16471,275,1,223.95000000000002,5.4158781552871815,0.6931471805599453,0
16473,165,3,316.11,5.759248716840184,1.3862943611198906,0
16474,7,7,1810.65,7.5019933112128685,2.0794415416798357,0
16475,88,4,544.3,6.301336101932016,1.6094379124341003,0
16477,64,7,2494.46,7.822228359929267,2.0794415416798357,0
16478,25,3,331.0,5.805134968916488,1.3862943611198906,0
16479,10,2,300.83,5.709863944972069,1.0986122886681098,0
16480,76,1,769.29,6.646767067319571,0.6931471805599453,0
16482,16,1,220.62,5.400964203508179,0.6931471805599453,0
16483,192,1,139.35,4.9441393028078915,0.6931471805599453,0
16484,174,2,404.3,6.004627533634263,1.0986122886681098,0
16485,77,1,363.65,5.898937989430242,0.6931471805599453,0
16488,33,3,498.8,6.214208018400852,1.3862943611198906,0
16491,47,1,731.5,6.596463340891223,0.6931471805599453,0
16493,80,4,1351.63,7.209806124401014,1.6094379124341003,0
16494,297,1,826.53,6.7184453603705006,0.6931471805599453,0
16495,3,3,648.26,6.475833252811612,1.3862943611198906,0
16496,9,3,1599.52,7.378083855426812,1.3862943611198906,0
16497,50,6,2965.69,7.99520213218973,1.9459101490553132,0
16498,161,2,100.97,4.624678652376135,1.0986122886681098,0
16499,360,2,365.45,5.903862086371859,1.0986122886681098,0
16500,5,6,400.86,5.996103769256407,1.9459101490553132,0
16503,107,4,1431.93,7.267476578065607,1.6094379124341003,0
16504,25,1,465.88,6.14607226533442,0.6931471805599453,0
16505,32,1,777.6,6.657497435176356,0.6931471805599453,0
16506,20,2,90.30000000000001,4.514150787600923,1.0986122886681098,0
16509,297,1,363.7,5.8990750978146345,0.6931471805599453,0
16510,372,1,248.1,5.517854422268135,0.6931471805599453,0
16511,22,3,918.33,6.8236451438627554,1.3862943611198906,0
16513,5,4,874.59,6.774897944843427,1.6094379124341003,0
16515,52,5,1624.14,7.393349244898962,1.791759469228055,0
16516,30,1,101.69999999999999,4.631812116934513,0.6931471805599453,0
16517,277,1,162.7,5.098035484377089,0.6931471805599453,0
16518,61,2,484.32,6.1848084671836725,1.0986122886681098,0
16519,25,2,215.07999999999998,5.37564870948436,1.0986122886681098,0
16520,186,3,1046.57,6.954228475339207,1.3862943611198906,0
16523,2,21,9418.470000000001,9.150534102717932,3.091042453358316,0
16525,2,26,13027.45,9.474890706788237,3.295836866004329,0
16526,172,1,290.36,5.674559615979298,0.6931471805599453,0
16527,81,1,228.06,5.43398397796957,0.6931471805599453,0
16528,4,1,244.41,5.502930281242811,0.6931471805599453,0
16529,190,1,455.25,6.123040904896701,0.6931471805599453,0
16531,22,7,1244.59,7.127364592228089,2.0794415416798357,0
16532,18,3,6748.8,8.81726815379798,1.3862943611198906,0
16533,19,3,1082.81,6.988237889884059,1.3862943611198906,0
16535,5,1,593.75,6.388141149183067,0.6931471805599453,0
16536,110,1,548.12,6.308316996859543,0.6931471805599453,0
16539,3,4,1388.81,7.236922326134238,1.6094379124341003,0
16542,54,1,119.62,4.792645108022841,0.6931471805599453,0
16545,165,1,339.3,5.82982758150686,0.6931471805599453,0
16546,291,2,787.15,6.669688427072551,1.0986122886681098,0
16549,10,10,4034.9,8.302984604159606,2.3978952727983707,0
16550,109,5,2298.97,7.740651358353913,1.791759469228055,0
16551,96,3,922.12,6.827759236886412,1.3862943611198906,0
16552,243,2,379.73,5.9420904624901825,1.0986122886681098,0
16553,163,12,5719.82,8.651867430742618,2.5649493574615367,0
16554,42,3,837.1,6.73113742510486,1.3862943611198906,0
16555,35,2,285.89,5.659098867029561,1.0986122886681098,0
16556,67,7,3313.79,8.106149552197078,2.0794415416798357,0
16557,24,2,281.85,5.644916721789165,1.0986122886681098,0
16558,1,20,8338.49,9.028757342403852,3.044522437723423,0
16560,27,2,841.41,6.736266831594512,1.0986122886681098,0
16561,6,2,511.12,6.238558972577978,1.0986122886681098,0
16563,54,1,1077.74,6.9835489723662585,0.6931471805599453,0
16565,364,1,173.7,5.163070217140011,0.6931471805599453,0
16566,15,5,614.66,6.422694863102173,1.791759469228055,0
16567,194,2,865.6,6.764577509305809,1.0986122886681098,0
16569,3,1,124.2,4.829912458665998,0.6931471805599453,0
16570,15,10,3738.4,8.226680449731173,2.3978952727983707,0
16571,27,3,1421.69,7.260304724743686,1.3862943611198906,0
16572,127,3,1009.6,6.918299492857808,1.3862943611198906,0
16573,85,2,663.61,6.499200402451892,1.0986122886681098,0
16574,71,1,451.44,6.11465515766318,0.6931471805599453,0
16581,183,1,105.84,4.67133238824176,0.6931471805599453,0
16582,113,1,313.62,5.751365561394358,0.6931471805599453,0
16583,374,1,233.45,5.457242345535596,0.6931471805599453,0
16584,80,2,936.08,6.842768657462584,1.0986122886681098,0
16586,249,1,463.95,6.141929872924206,0.6931471805599453,0
16587,232,1,225.15,5.421198495923853,0.6931471805599453,0
16589,71,3,459.24,6.131748092555038,1.3862943611198906,0
16591,69,1,213.5,5.368309738368072,0.6931471805599453,0
16592,4,16,4113.68,8.322316345810338,2.833213344056216,0
16593,51,3,330.03,5.802209005711098,1.3862943611198906,0
16594,75,1,181.09,5.204501070343752,0.6931471805599453,0
16595,61,1,360.16,5.8893210734392785,0.6931471805599453,0
16596,16,2,250.15,5.526050370196054,1.0986122886681098,0
16597,4,1,90.04,4.511298970378021,0.6931471805599453,0
16598,286,1,145.04999999999998,4.98394902883375,0.6931471805599453,0
16600,4,6,813.52,6.702598982682314,1.9459101490553132,0
16601,41,1,242.7,5.495937960631161,0.6931471805599453,0
16602,36,1,528.08,6.271139649157846,0.6931471805599453,0
16603,75,2,482.47,6.180989265398516,1.0986122886681098,0
16607,18,14,3347.71,8.116330476031974,2.70805020110221,0
16609,15,7,5493.46,8.611495590853199,2.0794415416798357,0
16610,219,1,75.66,4.339380059952409,0.6931471805599453,0
16611,186,1,129.49,4.871296595474155,0.6931471805599453,0
16612,33,4,1187.66,7.08058190121429,1.6094379124341003,0
16613,70,1,618.59,6.429057968967668,0.6931471805599453,0
16614,183,1,506.19,6.228885686840323,0.6931471805599453,0
16616,15,2,500.42,6.2174440732414,1.0986122886681098,0
16617,236,1,151.85,5.029457048336844,0.6931471805599453,0
16618,31,5,2647.59,7.881782701906185,1.791759469228055,0
16619,264,1,226.21,5.425874699962912,0.6931471805599453,0
16620,4,2,178.96,5.192734603972972,1.0986122886681098,0
16621,52,4,813.48,6.70254987279894,1.6094379124341003,0
16623,246,1,129.45,4.870990011582737,0.6931471805599453,0
16624,81,2,810.5699999999999,6.6989706432467875,1.0986122886681098,0
16625,275,1,333.08,5.811380485254219,0.6931471805599453,0
16626,1,17,4413.1,8.392559241748096,2.8903717578961645,0
16627,79,1,322.8,5.780126041243535,0.6931471805599453,0
16628,30,5,2188.05,7.691222938742128,1.791759469228055,0
16629,74,2,408.63,6.01525431323072,1.0986122886681098,0
16633,17,6,2883.1,7.966968171867508,1.9459101490553132,0
16634,223,2,217.9,5.388615004528817,1.0986122886681098,0
16637,32,4,1154.47,7.052262466590724,1.6094379124341003,0
16638,23,10,1680.72,7.427572358185583,2.3978952727983707,0
16639,31,3,1257.51,7.137683760511223,1.3862943611198906,0
16641,106,1,231.10000000000002,5.447168313280391,0.6931471805599453,0
16642,5,2,688.33,6.535720111358577,1.0986122886681098,0
16643,246,1,487.51,6.191359942102381,0.6931471805599453,0
16644,178,2,833.78,6.72716821708184,1.0986122886681098,0
16647,170,2,214.06,5.37091705896238,1.0986122886681098,0
16648,43,1,290.65999999999997,5.675588740285419,0.6931471805599453,0
16650,72,1,518.42,6.252712804455737,0.6931471805599453,0
16652,59,7,6773.97,8.820990217693817,2.0794415416798357,0
16653,16,2,1212.66,7.101395866495808,1.0986122886681098,0
16654,141,4,601.27,6.400705849743913,1.6094379124341003,0
16655,18,6,3789.52,8.240258491831206,1.9459101490553132,0
16656,22,15,8625.8,9.062628915777825,2.772588722239781,0
16657,10,4,874.43,6.774715194217569,1.6094379124341003,0
16658,368,1,123.24,4.822215178840431,0.6931471805599453,0
16659,189,1,39.12,3.691874963093735,0.6931471805599453,0
16660,16,4,1267.6499999999999,7.145708621949827,1.6094379124341003,0
16665,362,1,135.39999999999998,4.915591745409362,0.6931471805599453,0
16666,19,1,118.98,4.787325062224947,0.6931471805599453,0
16667,68,2,567.1800000000001,6.342438269926957,1.0986122886681098,0
16668,15,6,306.71999999999997,5.729190278590734,1.9459101490553132,0
16669,24,3,1348.88,7.207770978592735,1.3862943611198906,0
16670,17,11,4095.9,8.317985869145499,2.4849066497880004,0
16671,28,3,1692.27,7.434416849630159,1.3862943611198906,0
16672,2,20,8134.9400000000005,9.004046563069934,3.044522437723423,0
16674,55,2,304.24,5.721098352421432,1.0986122886681098,0
16676,34,4,1592.1200000000001,7.373449636639775,1.6094379124341003,0
16678,3,12,3109.99,8.042696282491956,2.5649493574615367,0
16679,366,1,129.75,4.873287102945032,0.6931471805599453,0
16680,43,1,183.7,5.218732887205194,0.6931471805599453,0
16681,73,6,1770.34,7.479491601287773,1.9459101490553132,0
16682,5,5,1028.0,6.9363427358340495,1.791759469228055,0
16684,4,28,66653.56,11.107278740370788,3.367295829986474,1
16685,61,2,324.24,5.784563371339637,1.0986122886681098,0
16686,47,7,2959.88,7.993241800431319,2.0794415416798357,0
16688,1,4,1260.86,7.1403421019236415,1.6094379124341003,0
16689,76,2,422.59999999999997,6.048789613727251,1.0986122886681098,0
16690,72,2,225.57999999999998,5.423098083445343,1.0986122886681098,0
16692,256,2,1276.0,7.152268856032539,1.0986122886681098,0
16693,69,2,477.86,6.171408279115973,1.0986122886681098,0
16696,135,4,657.9000000000001,6.490571777919774,1.6094379124341003,0
16697,241,1,112.75,4.7340030578310595,0.6931471805599453,0
16698,227,2,1998.0,7.6004023345004,1.0986122886681098,0
16700,9,13,5076.55,8.532584140771885,2.6390573296152584,0
16701,9,13,5398.3,8.59402459452009,2.6390573296152584,0
16705,1,20,14034.99,9.549380024249162,3.044522437723423,0
16706,37,3,531.35,6.277301167760616,1.3862943611198906,0
16708,46,1,656.63,6.488642463139346,0.6931471805599453,0
16709,85,5,3029.87,8.016604986002726,1.791759469228055,0
16710,19,10,2467.99,7.811564439114215,2.3978952727983707,0
16711,3,5,1651.03,7.4097601137223315,1.791759469228055,0
16712,9,11,3611.31,8.192102735881804,2.4849066497880004,0
16713,19,15,6910.78,8.840982481273644,2.772588722239781,0
16714,219,3,1129.06,7.030026007641905,1.3862943611198906,0
16715,78,1,301.71999999999997,5.712808285863513,0.6931471805599453,0
16716,267,2,901.2,6.804836224974296,1.0986122886681098,0
16717,24,6,3843.08,8.25428958152815,1.9459101490553132,0
16718,369,1,606.0500000000001,6.408611159989984,0.6931471805599453,0
16719,15,7,1770.22,7.479423853670205,2.0794415416798357,0
16720,26,1,152.95,5.0366278743705095,0.6931471805599453,0
16721,262,1,292.47,5.681775419393111,0.6931471805599453,0
16722,17,13,4730.81,8.46206307213662,2.6390573296152584,0
16723,91,2,576.4,6.358535267228834,1.0986122886681098,0
16725,302,7,758.27,6.632357445363575,2.0794415416798357,0
16726,26,5,1358.74,7.215048783982959,1.791759469228055,0
16727,364,1,256.32,5.550320446542799,0.6931471805599453,0
16728,46,4,1048.28,6.955859493656283,1.6094379124341003,0
16729,38,21,7205.33,8.882715085430164,3.091042453358316,0
16730,52,3,743.11,6.612188873366803,1.3862943611198906,0
16732,32,1,603.75,6.404815149490137,0.6931471805599453,0
16734,52,3,646.76,6.473520257377859,1.3862943611198906,0
16735,79,5,2247.41,7.717978578725217,1.791759469228055,0
16737,53,1,417.59999999999997,6.036915810011899,0.6931471805599453,0
16738,298,1,3.75,1.55814461804655,0.6931471805599453,0
16739,177,1,323.0,5.780743515792329,0.6931471805599453,0
16742,47,1,464.9,6.143971018822751,0.6931471805599453,0
16743,29,7,2213.13,7.702614828798631,2.0794415416798357,0
16744,11,7,1291.91,7.164650770780832,2.0794415416798357,0
16745,87,17,7180.7,8.87929140281919,2.8903717578961645,0
16746,5,18,6680.11,8.807039420391044,2.9444389791664403,0
16747,38,2,836.06,6.729895752508072,1.0986122886681098,0
16748,18,5,1515.9,7.324424057597627,1.791759469228055,0
16750,45,5,623.93,6.437639643463933,1.791759469228055,0
16751,31,1,1764.72,7.476313818197086,0.6931471805599453,0
16752,373,1,207.5,5.339939041238856,0.6931471805599453,0
16753,58,1,223.92000000000002,5.415744783424001,0.6931471805599453,0
16754,372,1,2002.4,7.602601016177664,0.6931471805599453,0
16755,114,3,1475.43,7.2973822906459604,1.3862943611198906,0
16756,215,1,239.4,5.4823042026610525,0.6931471805599453,0
16757,319,1,106.83000000000001,4.680555912893981,0.6931471805599453,0
16758,65,1,369.34000000000003,5.91442150260967,0.6931471805599453,0
16759,8,3,789.79,6.673032445794151,1.3862943611198906,0
16761,97,1,316.62,5.760855699682501,0.6931471805599453,0
16762,20,3,1207.24,7.096920034258086,1.3862943611198906,0
16763,199,1,611.85,6.418120207787174,0.6931471805599453,0
16764,4,13,2790.9500000000003,7.934495555412452,2.6390573296152584,0
16765,294,1,34.0,3.5553480614894135,0.6931471805599453,0
16766,273,2,1145.6,7.044556320474283,1.0986122886681098,0
16767,31,11,5575.56,8.626327377813633,2.4849066497880004,0
16768,48,3,478.09000000000003,6.17188847120203,1.3862943611198906,0
16769,260,1,361.54,5.893134813034773,0.6931471805599453,0
16770,58,5,757.1,6.630815303062258,1.791759469228055,0
16771,33,5,2242.61,7.715841454746731,1.791759469228055,0
16773,57,1,171.59,5.150918839543312,0.6931471805599453,0
16774,68,4,661.52,6.496050746083953,1.6094379124341003,0
16775,10,11,1691.51,7.433967913188473,2.4849066497880004,0
16776,60,1,371.54,5.920344414604856,0.6931471805599453,0
16777,80,2,222.62,5.409948182719222,1.0986122886681098,0
16778,74,2,245.94,5.509145392139597,1.0986122886681098,0
16779,2,22,10611.720000000001,9.26980856067564,3.1354942159291497,0
16780,100,2,422.24,6.047939394035961,1.0986122886681098,0
16781,372,1,311.25,5.743804149005687,0.6931471805599453,0
16782,10,13,2267.9500000000003,7.727072448397774,2.6390573296152584,0
16784,20,1,107.6,4.687671407499835,0.6931471805599453,0
16788,123,2,594.39,6.3892166530089884,1.0986122886681098,0
16789,8,1,80.8,4.404277243608702,0.6931471805599453,0
16790,4,6,1545.6200000000001,7.343827183683202,1.9459101490553132,0
16791,29,7,1705.78,7.442363833410647,2.0794415416798357,0
16792,282,2,110.38000000000001,4.7129477781615225,1.0986122886681098,0
16793,57,1,243.84,5.500604935982869,0.6931471805599453,0
16794,1,10,1196.5,7.08799132928507,2.3978952727983707,0
16795,365,1,414.88,6.030396757109769,0.6931471805599453,0
16796,89,1,305.62,5.725609195882308,0.6931471805599453,0
16800,11,1,1162.65,7.0593168957906745,0.6931471805599453,0
16801,163,4,1594.23,7.374773205449993,1.6094379124341003,0
16803,65,1,332.3,5.8090429853136945,0.6931471805599453,0
16804,23,3,536.99,6.287839972628443,1.3862943611198906,0
16805,174,2,460.59,6.134677051181064,1.0986122886681098,0
16806,103,4,762.16,6.63746770785911,1.6094379124341003,0
16807,143,3,1121.59,7.02339379457603,1.3862943611198906,0
16808,99,2,288.42,5.667878920309847,1.0986122886681098,0
16809,23,5,914.69,6.81967787944687,1.791759469228055,0
16810,192,1,309.54,5.738312717553024,0.6931471805599453,0
16811,5,2,547.07,6.3064030160165885,1.0986122886681098,0
16812,361,1,479.35,6.174515004855747,0.6931471805599453,0
16813,8,10,1652.18,7.410455984814581,2.3978952727983707,0
16814,14,21,6416.7,8.766815077043479,3.091042453358316,0
16816,103,4,417.06,6.035624962893636,1.6094379124341003,0
16817,3,9,1604.75,7.381346216137902,2.302585092994046,0
16818,11,11,3349.57,8.116885759599102,2.4849066497880004,0
16820,96,1,497.61,6.211824227045576,0.6931471805599453,0
16823,227,1,358.38,5.8843803244983075,0.6931471805599453,0
16824,16,2,460.64,6.134785366552204,1.0986122886681098,0
16825,39,2,775.1800000000001,6.6543844520478315,1.0986122886681098,0
16826,51,1,341.7,5.836855428880563,0.6931471805599453,0
16828,93,2,128.5,4.863680881139593,1.0986122886681098,0
16829,157,1,197.22,5.289377524978562,0.6931471805599453,0
16830,39,1,325.91,5.789684903656904,0.6931471805599453,0
16832,184,3,199.15,5.299067085438582,1.3862943611198906,0
16833,1,4,1106.53,7.0098875895885335,1.6094379124341003,0
16834,228,1,413.46,6.026976468109342,0.6931471805599453,0
16835,128,2,180.85,5.203182171432998,1.0986122886681098,0
16836,40,2,251.87,5.5328755226775,1.0986122886681098,0
16837,31,11,3170.98,8.062111277564622,2.4849066497880004,0
16838,197,2,588.85,6.3798682672878515,1.0986122886681098,0
16839,9,34,16594.35,9.716877814621636,3.5553480614894135,0
16841,37,6,1869.82,7.534132116408228,1.9459101490553132,0
16842,101,3,1264.19,7.142977587511544,1.3862943611198906,0
16843,43,16,10196.57,9.22990473559571,2.833213344056216,0
16846,50,1,214.32,5.372125293692757,0.6931471805599453,0
16847,43,1,193.44,5.270123632177254,0.6931471805599453,0
16848,53,1,281.42,5.643395324641106,0.6931471805599453,0
16849,187,1,124.57,4.8328633720008725,0.6931471805599453,0
16850,334,1,332.41,5.809372963868082,0.6931471805599453,0
16851,4,3,342.45,5.839041540659891,1.3862943611198906,0
16852,10,2,144.91000000000003,4.982989993275932,1.0986122886681098,0
16855,24,2,328.4,5.79727281774354,1.0986122886681098,0
16856,15,1,35.400000000000006,3.594568774642695,0.6931471805599453,0
16858,369,1,375.69000000000005,5.931422568022302,0.6931471805599453,0
16859,145,2,747.81,6.618485279775063,1.0986122886681098,0
16861,60,2,173.76,5.163413604083235,1.0986122886681098,0
16863,31,2,502.8,6.22217936391851,1.0986122886681098,0
16866,141,3,207.73999999999998,5.341089458391906,1.3862943611198906,0
16869,23,4,817.12,6.707009025109966,1.6094379124341003,0
16871,22,6,2812.34,7.942127668587332,1.9459101490553132,0
16872,77,3,680.02,6.523591674293888,1.3862943611198906,0
16873,5,6,7123.62,8.871311670381246,1.9459101490553132,0
16875,67,5,2095.53,7.648038876071995,1.791759469228055,0
16877,12,6,846.62,6.742432422151628,1.9459101490553132,0
16878,84,1,13.3,2.6602595372658615,0.6931471805599453,0
16880,31,7,1491.43,7.308160942994333,2.0794415416798357,0
16881,67,1,432.0,6.07073772800249,0.6931471805599453,0
16882,67,3,705.12,6.559785194721083,1.3862943611198906,0
16883,187,2,272.48,5.611228493045593,1.0986122886681098,0
16884,38,2,429.84000000000003,6.0657367914825695,1.0986122886681098,0
16885,15,3,450.41,6.112376017438897,1.3862943611198906,0
16887,35,1,192.32999999999998,5.264398573344411,0.6931471805599453,0
16889,195,3,1578.67,7.364971243447073,1.3862943611198906,0
16891,2,5,742.43,6.6112746121740065,1.791759469228055,0
16892,1,5,518.19,6.25226990480378,1.791759469228055,0
16893,367,1,145.93,4.989956282887855,0.6931471805599453,0
16895,65,1,202.27,5.31453514457087,0.6931471805599453,0
16897,299,2,289.78,5.672566967503279,1.0986122886681098,0
16898,26,3,501.03,6.218659878862289,1.3862943611198906,0
16899,8,6,1271.06,7.148392912598927,1.9459101490553132,0
16900,17,3,887.11,6.789095609194309,1.3862943611198906,0
16902,116,1,1706.88,7.443008114269093,0.6931471805599453,0
16903,29,1,363.2,5.897703167293508,0.6931471805599453,0
16904,4,16,3653.75,8.203782970391725,2.833213344056216,0
16905,5,7,3037.6,8.019152162009666,2.0794415416798357,0
16906,82,4,559.59,6.328989800540907,1.6094379124341003,0
16907,29,5,928.76,6.834926488326795,1.791759469228055,0
16909,72,1,379.14,5.940539605922692,0.6931471805599453,0
16910,4,8,1508.96,7.3198384393918765,2.1972245773362196,0
16912,29,11,2555.58,7.846425706813547,2.4849066497880004,0
16913,290,1,113.44,4.74005066818191,0.6931471805599453,0
16914,36,1,183.76,5.2190576855624045,0.6931471805599453,0
16915,9,6,621.6800000000001,6.4340327431676485,1.9459101490553132,0
16916,24,2,562.41,6.334007604663525,1.0986122886681098,0
16917,277,1,391.52,5.972587491338293,0.6931471805599453,0
16918,50,6,1068.82,6.975245689005592,1.9459101490553132,0
16919,156,11,2592.25,7.8606671943119375,2.4849066497880004,0
16921,61,1,154.18,5.044585733465803,0.6931471805599453,0
16923,12,19,7069.08,8.863627074243855,2.995732273553991,0
16924,21,3,829.89,6.722497415455896,1.3862943611198906,0
16926,371,1,230.25,5.443499376392535,0.6931471805599453,0
16927,116,3,543.05,6.299041154397021,1.3862943611198906,0
16928,80,17,2814.7,7.942966177511865,2.8903717578961645,0
16929,4,7,1295.39,7.167338757569021,2.0794415416798357,0
16930,26,3,378.89,5.9398817371306265,1.3862943611198906,0
16931,5,21,4554.87,8.424171790358395,3.091042453358316,0
16932,53,1,150.23000000000002,5.018801856762649,0.6931471805599453,0
16933,1,2,563.23,6.335461969788099,1.0986122886681098,0
16934,55,2,931.03,6.837365003008744,1.0986122886681098,0
16936,26,1,261.9,5.571773731735836,0.6931471805599453,0
16938,9,4,2711.6800000000003,7.905692355094029,1.6094379124341003,0
16940,52,3,3049.88,8.023185352576407,1.3862943611198906,0
16942,13,9,1904.99,7.5527568376106675,2.302585092994046,0
16943,212,3,816.73,6.706532208766916,1.3862943611198906,0
16945,22,19,4345.5,8.377126202519118,2.995732273553991,0
16947,236,1,406.48,6.009991851721866,0.6931471805599453,0
16948,139,3,435.02,6.0776881138566,1.3862943611198906,0
16949,4,6,1286.27,7.160278975803028,1.9459101490553132,0
16950,57,3,1178.56,7.072896766566239,1.3862943611198906,0
16951,135,3,1277.75,7.153638317265837,1.3862943611198906,0
16952,109,2,167.61,5.127588355789889,1.0986122886681098,0
16953,30,1,20.8,3.0819099697950434,0.6931471805599453,0
16954,1,9,2085.08,7.643041985736175,2.302585092994046,0
16955,185,4,518.67,6.25319399473728,1.6094379124341003,0
16956,18,1,308.74,5.735733235888028,0.6931471805599453,0
16957,239,2,416.64,6.03461981742191,1.0986122886681098,0
16959,87,1,117.35000000000001,4.773646335959993,0.6931471805599453,0
16960,39,3,507.05,6.2305798679318904,1.3862943611198906,0
16961,116,1,234.17,5.46030865686874,0.6931471805599453,0
16963,187,1,110.55000000000001,4.714472920878541,0.6931471805599453,0
16965,227,1,201.19,5.309207849379209,0.6931471805599453,0
16966,8,7,2154.97,7.675996017275306,2.0794415416798357,0
16967,189,1,319.02,5.768383493840728,0.6931471805599453,0
16968,4,2,439.43,6.087751522419478,1.0986122886681098,0
16969,39,3,650.41,6.479139244274806,1.3862943611198906,0
16971,38,1,357.21,5.881119406601529,0.6931471805599453,0
16976,267,1,251.51999999999998,5.5314904534994245,0.6931471805599453,0
16978,78,1,344.33,5.84450048159508,0.6931471805599453,0
16979,4,6,1852.0,7.52456122628536,1.9459101490553132,0
16980,255,2,1028.46,6.936789671900485,1.0986122886681098,0
16982,61,1,384.06,5.95339916630119,0.6931471805599453,0
16983,13,7,1905.87,7.5532184333763785,2.0794415416798357,0
16984,88,2,4459.52,8.40302063014605,1.0986122886681098,0
16985,17,10,5464.12,8.606141358283566,2.3978952727983707,0
16986,30,2,1873.2,7.535937180689723,1.0986122886681098,0
16987,3,7,1616.8,7.388822480583852,2.0794415416798357,0
16988,5,1,126.12,4.845131522228461,0.6931471805599453,0
16989,7,6,1133.25,7.033726918544073,1.9459101490553132,0
16990,219,1,179.0,5.19295685089021,0.6931471805599453,0
16992,11,5,1614.31,7.38728216770102,1.791759469228055,0
16996,30,6,1456.96,7.284793477350012,1.9459101490553132,0
16997,288,3,702.0,6.555356891810665,1.3862943611198906,0
16998,150,4,295.0,5.69035945432406,1.6094379124341003,0
16999,23,2,484.82,6.185838184926078,1.0986122886681098,0
17001,1,11,3989.57,8.291689356823657,2.4849066497880004,0
17002,86,3,1493.73,7.309700867507591,1.3862943611198906,0
17004,46,2,1312.1399999999999,7.180176494665863,1.0986122886681098,0
17006,5,4,781.78,6.6628516858853635,1.6094379124341003,0
17007,51,6,889.9300000000001,6.7922658609726465,1.9459101490553132,0
17010,18,1,195.36,5.279949709189852,0.6931471805599453,0
17011,30,1,270.9,5.605434351638425,0.6931471805599453,0
17014,8,3,583.4300000000001,6.370637013261223,1.3862943611198906,0
17015,29,3,1838.6100000000001,7.5173088716153345,1.3862943611198906,0
17017,3,20,8694.26,9.070533328583988,3.044522437723423,0
17018,41,2,920.1,6.82556860799419,1.0986122886681098,0
17019,11,4,1258.08,7.138136574519652,1.6094379124341003,0
17022,31,1,71.0,4.276666119016055,0.6931471805599453,0
17024,45,3,95.85,4.573163389853005,1.3862943611198906,0
17025,61,3,357.77,5.882681514648826,1.3862943611198906,0
17026,185,2,154.82999999999998,5.048765669457523,1.0986122886681098,0
17027,79,6,877.5600000000001,6.778284203530562,1.9459101490553132,0
17029,111,2,716.0,6.57507584059962,1.0986122886681098,0
17030,64,1,146.87,4.996333509385396,0.6931471805599453,0
17031,12,2,380.35,5.943717588610248,1.0986122886681098,0
17033,86,3,1030.14,6.9384202652929305,1.3862943611198906,0
17034,16,3,745.52,6.615422408314929,1.3862943611198906,0
17035,246,2,433.53000000000003,6.07426498720113,1.0986122886681098,0
17037,88,1,1267.32,7.145448469088846,0.6931471805599453,0
17038,30,1,112.4,4.730921391293652,0.6931471805599453,0
17040,138,1,449.73,6.110868490605405,0.6931471805599453,0
17041,27,3,1071.49,6.977738326749379,1.3862943611198906,0
17042,3,5,1036.58,6.944646357565886,1.791759469228055,0
17043,32,4,1735.18,7.459442576481153,1.6094379124341003,0
17044,25,1,948.48,6.855914466312751,0.6931471805599453,0
17045,113,3,339.44,5.83023889860876,1.3862943611198906,0
17046,157,1,642.02,6.466175827952961,0.6931471805599453,0
17047,85,3,1100.9,7.004791241493732,1.3862943611198906,0
17048,118,3,925.35,6.831252132996021,1.3862943611198906,0
17049,3,9,5655.03,8.64047751166418,2.302585092994046,0
17050,96,6,3185.64,8.066722349141488,1.9459101490553132,0
17051,194,1,240.89000000000001,5.48848307736504,0.6931471805599453,0
17052,28,1,399.09,5.9916895217992785,0.6931471805599453,0
17053,131,1,498.48,6.213567557246944,0.6931471805599453,0
17054,28,5,1356.33,7.213274813763555,1.791759469228055,0
17058,82,3,1179.89,7.074023670453844,1.3862943611198906,0
17059,30,5,3080.39,8.033136072864288,1.791759469228055,0
17060,266,1,234.24,5.460606269591755,0.6931471805599453,0
17061,74,11,5232.2300000000005,8.56278395725042,2.4849066497880004,0
17062,314,4,533.33,6.281013625618804,1.6094379124341003,0
17063,21,7,1461.14,7.287656394959027,2.0794415416798357,0
17064,59,3,855.45,6.752795938943994,1.3862943611198906,0
17068,12,21,4552.14,8.423572383818774,3.091042453358316,0
17069,28,9,2709.7000000000003,7.904962183102404,2.302585092994046,0
17070,114,1,304.24,5.721098352421432,0.6931471805599453,0
17071,28,9,2429.03,7.795658881937399,2.302585092994046,0
17073,18,4,1446.09,7.277309922347601,1.6094379124341003,0
17075,18,4,834.12,6.727575427100043,1.6094379124341003,0
17076,36,3,841.0799999999999,6.735875021605469,1.3862943611198906,0
17078,36,2,378.2,5.938063770380866,1.0986122886681098,0
17079,78,1,118.80000000000001,4.785823685681349,0.6931471805599453,0
17080,22,2,287.62,5.665110944007932,1.0986122886681098,0
17081,25,2,288.91,5.669570529986012,1.0986122886681098,0
17082,33,2,2003.85,7.603324523974459,1.0986122886681098,0
17083,109,3,1405.78,7.249058683836842,1.3862943611198906,0
17084,35,2,2747.9900000000002,7.918988850472198,1.0986122886681098,0
17085,123,5,1562.4,7.35461821578623,1.791759469228055,0
17086,7,6,2050.08,7.626121762674929,1.9459101490553132,0
17088,28,4,1991.01,7.596899458212264,1.6094379124341003,0
17090,4,7,1974.65,7.588652737113165,2.0794415416798357,0
17091,3,9,3827.76,8.250296269962053,2.302585092994046,0
17092,50,4,1774.03,7.48157260317514,1.6094379124341003,0
17094,322,1,302.0,5.713732805509369,0.6931471805599453,0
17095,23,3,1324.16,7.189288485847039,1.3862943611198906,0
17096,15,4,1022.13,6.930621835101851,1.6094379124341003,0
17097,2,8,954.42,6.862151034377116,2.1972245773362196,0
17100,18,2,971.74,6.880116831678181,1.0986122886681098,0
17101,10,4,1621.73,7.391865195080271,1.6094379124341003,0
17102,262,1,25.5,3.2771447329921766,0.6931471805599453,0
17105,159,2,665.78,6.50246015642561,1.0986122886681098,0
17107,33,6,10797.48,9.287160662466663,1.9459101490553132,0
17109,29,6,881.29,6.782520800150454,1.9459101490553132,0
17110,165,1,163.29999999999998,5.101694025043222,0.6931471805599453,0
17111,47,1,231.61,5.449363231421816,0.6931471805599453,0
17114,6,8,801.12,6.687258222608833,2.1972245773362196,0
17115,8,3,837.5,6.731614581263264,1.3862943611198906,0
17117,288,1,116.19999999999999,4.763881877142913,0.6931471805599453,0
17118,318,1,157.02,5.062721607294587,0.6931471805599453,0
17119,3,2,606.91,6.410026844693401,1.0986122886681098,0
17120,233,1,307.46,5.731592175295468,0.6931471805599453,0
17122,119,1,138.32,4.9367734454978,0.6931471805599453,0
17123,162,1,345.29999999999995,5.847305451408376,0.6931471805599453,0
17124,185,1,294.24,5.687788584901852,0.6931471805599453,0
17125,50,1,230.5,5.444579873526289,0.6931471805599453,0
17126,152,5,989.45,6.89815938530869,1.791759469228055,0
17128,335,1,157.09,5.063164491108096,0.6931471805599453,0
17131,5,5,2463.17,7.8096103157799615,1.791759469228055,0
17133,16,7,4892.240000000001,8.495609939749011,2.0794415416798357,0
17134,107,2,413.2,6.026348948961484,1.0986122886681098,0
17135,16,7,1139.73,7.039423687328594,2.0794415416798357,0
17138,276,1,380.5,5.9441108507245115,0.6931471805599453,0
17139,16,12,10650.77,9.273481354511448,2.5649493574615367,0
17140,247,1,454.12,6.1205611204423915,0.6931471805599453,0
17142,239,1,579.0,6.363028103540465,0.6931471805599453,0
17144,1,2,984.57,6.893220154004312,1.0986122886681098,0
17146,106,3,749.78,6.621112666105018,1.3862943611198906,0
17147,23,4,1714.59,7.447512323761201,1.6094379124341003,0
17148,52,1,124.88,4.835329072196206,0.6931471805599453,0
17152,195,3,1689.5,7.43277962214794,1.3862943611198906,0
17153,24,1,213.78,5.369614248430071,0.6931471805599453,0
17154,75,1,329.34,5.800122427092944,0.6931471805599453,0
17155,18,2,251.70000000000002,5.532203014394149,1.0986122886681098,0
17157,8,2,319.0,5.768320995793772,1.0986122886681098,0
17158,32,3,1266.97,7.145172475411292,1.3862943611198906,0
17159,22,3,1538.88,7.33945977029367,1.3862943611198906,0
17160,31,6,3518.03,8.165940662434437,1.9459101490553132,0
17162,29,10,1715.46,7.448019309392898,2.3978952727983707,0
17163,22,2,293.1,5.68391984555995,1.0986122886681098,0
17164,33,7,2467.35,7.811305190205457,2.0794415416798357,0
17165,284,1,158.68,5.073171812563154,0.6931471805599453,0
17166,39,2,206.34,5.334359957894966,1.0986122886681098,0
17169,58,2,835.78,6.729561192451421,1.0986122886681098,0
17171,289,1,224.91,5.420136689869131,0.6931471805599453,0
17172,79,1,317.76,5.764438468529548,0.6931471805599453,0
17173,5,8,3766.6,8.234193472948663,2.1972245773362196,0
17174,218,1,59.9,4.109233174715851,0.6931471805599453,0
17175,44,4,1443.69,7.275650044659092,1.6094379124341003,0
17176,202,1,306.13,5.7272711107251055,0.6931471805599453,0
17179,178,3,711.79,6.569186846877494,1.3862943611198906,0
17180,56,4,783.97,6.665645500491627,1.6094379124341003,0
17181,57,2,239.92000000000002,5.4844649281755204,1.0986122886681098,0
17183,8,6,3347.31,8.116211019915529,1.9459101490553132,0
17186,47,2,144.0,4.976733742420574,1.0986122886681098,0
17187,227,1,203.95,5.322766046950346,0.6931471805599453,0
17188,11,7,2474.23,7.814088599978061,2.0794415416798357,0
17189,106,2,383.75,5.952593772718989,1.0986122886681098,0
17190,59,2,444.74,6.09973582239177,1.0986122886681098,0
17191,28,7,2093.68,7.647156076059518,2.0794415416798357,0
17193,36,7,1699.3000000000002,7.43855998506344,2.0794415416798357,0
17194,274,2,262.62,5.57450867228432,1.0986122886681098,0
17197,30,1,1013.01,6.921668046035439,0.6931471805599453,0
17198,24,3,692.22,6.541347409127499,1.3862943611198906,0
17201,54,1,289.78,5.672566967503279,0.6931471805599453,0
17203,36,6,3560.08,8.17781914862498,1.9459101490553132,0
17204,175,4,1564.56,7.355998866445309,1.6094379124341003,0
17205,54,1,384.08,5.953451104909766,0.6931471805599453,0
17206,53,1,204.24,5.324180026073764,0.6931471805599453,0
17211,27,8,2317.2200000000003,7.748554928800743,2.1972245773362196,0
17212,253,1,226.85,5.428687517709892,0.6931471805599453,0
17213,40,7,2781.23,7.931008043401064,2.0794415416798357,0
17214,60,6,1059.1200000000001,6.966137388245792,1.9459101490553132,0
17217,234,1,113.5,4.740574822994295,0.6931471805599453,0
17218,4,10,1951.97,7.577106569775595,2.3978952727983707,0
17219,32,1,114.23,4.746930131025923,0.6931471805599453,0
17220,24,14,3187.55,8.067321546987245,2.70805020110221,0
17221,7,2,334.48,5.815562342116211,1.0986122886681098,0
17222,65,1,328.65,5.798031485559308,0.6931471805599453,0
17223,310,2,416.89,6.035218239997905,1.0986122886681098,0
17226,309,1,393.49,5.977593791422191,0.6931471805599453,0
17227,19,6,939.32,6.84622024286434,1.9459101490553132,0
17228,16,8,1906.09,7.553333799033199,2.1972245773362196,0
17229,96,2,318.76,5.767570714403068,1.0986122886681098,0
17230,264,8,3638.41,8.199576859581033,2.1972245773362196,0
17231,12,10,3124.72,8.047419935632497,2.3978952727983707,0
17232,3,2,417.77,6.037321843192776,1.0986122886681098,0
17233,35,1,190.88,5.256870176633863,0.6931471805599453,0
17234,183,1,149.89000000000001,5.0165510945255605,0.6931471805599453,0
17235,25,2,550.06,6.311843696146471,1.0986122886681098,0
17236,13,6,916.13,6.821249228838842,1.9459101490553132,0
17237,11,2,314.69,5.754760719420831,1.0986122886681098,0
17238,3,17,3719.1,8.221505828626315,2.8903717578961645,0
17239,313,1,382.5,5.949339620807311,0.6931471805599453,0
17242,108,2,1135.04,7.0353038099288,1.0986122886681098,0
17243,1,26,8540.05,9.052639230044456,3.295836866004329,0
17244,53,1,954.9,6.862653305069717,0.6931471805599453,0
17245,205,1,171.45,5.15010733938285,0.6931471805599453,0
17247,15,1,280.09000000000003,5.6386749027510605,0.6931471805599453,0
17248,120,1,318.65,5.767226647212736,0.6931471805599453,0
17250,4,2,381.97,5.947956657131048,1.0986122886681098,0
17251,363,1,269.83,5.601491317767735,0.6931471805599453,0
17252,117,2,348.91,5.857675978559423,1.0986122886681098,0
17253,18,1,178.26,5.188837265929216,0.6931471805599453,0
17254,5,2,271.19,5.606500351849647,1.0986122886681098,0
17255,41,2,291.48,5.678396288265786,1.0986122886681098,0
17256,107,2,240.0,5.484796933490655,1.0986122886681098,0
17259,148,2,581.23,6.366865558668267,1.0986122886681098,0
17262,52,5,1253.3600000000001,7.134380761332616,1.791759469228055,0
17263,208,1,63.440000000000005,4.165734558308774,0.6931471805599453,0
17265,139,2,550.01,6.311752957808554,1.0986122886681098,0
17266,2,3,296.58,5.695683096399551,1.3862943611198906,0
17267,127,2,317.2,5.762680115903686,1.0986122886681098,0
17268,108,4,763.64,6.639405134829848,1.6094379124341003,0
17272,42,4,2148.63,7.673051013288749,1.6094379124341003,0
17274,35,1,107.82,4.689695141057779,0.6931471805599453,0
17277,228,2,1065.3500000000001,6.9719968810436015,1.0986122886681098,0
17278,241,1,246.04,5.509550266836412,0.6931471805599453,0
17279,58,1,187.82999999999998,5.240847139393487,0.6931471805599453,0
17282,130,3,1685.46,7.430386936461763,1.3862943611198906,0
17284,60,6,1647.48,7.407608930196758,1.9459101490553132,0
17286,22,1,151.37,5.026311773481264,0.6931471805599453,0
17287,26,7,1049.06,6.956602584376121,2.0794415416798357,0
17288,9,7,1417.63,7.257446896154699,2.0794415416798357,0
17289,32,3,931.02,6.837354273682813,1.3862943611198906,0
17290,4,2,513.01,6.242242720518832,1.0986122886681098,0
17291,308,1,550.8000000000001,6.313185661783185,0.6931471805599453,0
17293,8,9,1854.06,7.525672319531924,2.302585092994046,0
17295,29,3,547.0,6.306275286948016,1.3862943611198906,0
17297,17,1,128.18,4.861206780604327,0.6931471805599453,0
17298,101,2,498.42,6.21344742510144,1.0986122886681098,0
17299,12,4,656.61,6.4886120504389995,1.6094379124341003,0
17301,21,1,163.24,5.101328772710678,0.6931471805599453,0
17302,15,5,1135.63,7.035823023024634,1.791759469228055,0
17303,361,1,250.04,5.525612288984722,0.6931471805599453,0
17306,11,19,8631.31,9.063267419175418,2.995732273553991,0
17309,95,1,82.75,4.427836170705175,0.6931471805599453,0
17311,78,2,1384.85,7.234068948784864,1.0986122886681098,0
17312,139,3,644.3,6.469715324941794,1.3862943611198906,0
17313,31,1,2328.84,7.7535548746739895,0.6931471805599453,0
17314,25,8,2527.92,7.835547613113086,2.1972245773362196,0
17315,2,38,6281.23,8.745480291972145,3.6635616461296463,0
17317,46,3,2600.34,7.863781975859922,1.3862943611198906,0
17320,100,3,1200.6200000000001,7.091425925345387,1.3862943611198906,0
17321,8,2,657.16,6.489448062860675,1.0986122886681098,0
17323,15,7,906.52,6.810715604463653,2.0794415416798357,0
17324,18,4,986.48,6.895156243405622,1.6094379124341003,0
17325,280,1,96.8,4.582924577040772,0.6931471805599453,0
17329,14,2,523.11,6.261701585954275,1.0986122886681098,0
17330,23,2,363.9,5.899623343442402,1.0986122886681098,0
17331,124,1,175.2,5.171619713502079,0.6931471805599453,0
17333,86,1,494.25,6.20506268557866,0.6931471805599453,0
17334,302,2,307.02,5.73016471593032,1.0986122886681098,0
17337,151,4,1981.06,7.591891986883801,1.6094379124341003,0
17338,17,8,6493.54,8.778717102886036,2.1972245773362196,0
17339,94,2,243.36,5.498642547781566,1.0986122886681098,0
17340,30,11,12353.29,9.421758650158734,2.4849066497880004,0
17341,157,3,682.29,6.5269193668194045,1.3862943611198906,0
17343,355,1,193.64,5.2711516984752675,0.6931471805599453,0
17344,46,1,157.62,5.066511404655174,0.6931471805599453,0
17345,15,4,519.6899999999999,6.255154855067978,1.6094379124341003,0
17346,4,15,2622.88,7.872409417310936,2.772588722239781,0
17347,86,1,228.96,5.43790538075509,0.6931471805599453,0
17348,15,5,1156.6,7.054104175317274,1.791759469228055,0
17349,179,1,98.25,4.5976419195673,0.6931471805599453,0
17350,8,4,1281.32,7.156426216317626,1.6094379124341003,0
17351,36,3,587.15,6.37698201740645,1.3862943611198906,0
17353,129,2,1740.0,7.462214939768189,1.0986122886681098,0
17354,51,1,1393.06,7.239975632001093,0.6931471805599453,0
17356,312,1,178.22,5.188614101456073,0.6931471805599453,0
17357,24,2,384.39,5.954255808575653,1.0986122886681098,0
17358,303,2,360.81,5.891119212159107,1.0986122886681098,0
17359,11,1,127.86,4.858726543710496,0.6931471805599453,0
17360,17,3,568.24,6.344302137815459,1.3862943611198906,0
17361,49,3,488.2,6.192771403813017,1.3862943611198906,0
17362,239,2,312.23,5.746937744970129,1.0986122886681098,0
17364,1,11,4462.68,8.40372881690387,2.4849066497880004,0
17365,13,8,4767.36,8.469757709250656,2.1972245773362196,0
17367,238,1,167.55,5.12723244168007,0.6931471805599453,0
17368,23,8,1878.87,7.538957904496927,2.1972245773362196,0
17370,73,4,446.18,6.102961198121657,1.6094379124341003,0
17371,17,3,418.4,6.03882511846782,1.3862943611198906,0
17372,41,8,1337.18,7.199065760787922,2.1972245773362196,0
17373,40,4,646.92,6.473767231940735,1.6094379124341003,0
17374,219,2,495.77,6.208127142322502,1.0986122886681098,0
17375,199,3,400.1,5.9942107727760074,1.3862943611198906,0
17376,71,2,203.2,5.319099905730565,1.0986122886681098,0
17377,24,20,4058.32,8.30877075088342,3.044522437723423,0
17379,11,1,389.71999999999997,5.96799119092234,0.6931471805599453,0
17381,9,29,20275.61,9.917223283969056,3.4011973816621555,0
17382,65,1,65.4,4.1956970564823886,0.6931471805599453,0
17383,4,1,193.39000000000001,5.269866450374021,0.6931471805599453,0
17384,19,2,336.4,5.821269170111868,1.0986122886681098,0
17385,15,1,256.11,5.549504008886889,0.6931471805599453,0
17386,8,6,2686.42,7.896336904550998,1.9459101490553132,0
17387,20,2,746.81,6.617148935013109,1.0986122886681098,0
17388,78,4,1259.56,7.13931134565379,1.6094379124341003,0
17389,1,34,31833.68,10.36831154057086,3.5553480614894135,0
17391,164,2,508.8,6.234018491942015,1.0986122886681098,0
17392,307,2,417.27,6.036127157014171,1.0986122886681098,0
17394,219,1,203.86999999999998,5.3223756316411075,0.6931471805599453,0
17396,39,8,7330.8,8.899976330900701,2.1972245773362196,0
17397,22,2,681.41,6.52563065023188,1.0986122886681098,0
17398,115,3,653.38,6.483688222474311,1.3862943611198906,0
17400,126,5,2097.84,7.649140090140571,1.791759469228055,0
17402,5,13,2633.85,7.8765815333589115,2.6390573296152584,0
17403,36,1,263.92,5.579427893616779,0.6931471805599453,0
17404,4,15,31906.82,10.370606399796605,2.772588722239781,0
17405,1,3,1031.41,6.9396511539657,1.3862943611198906,0
17406,333,3,2184.42,7.689563308737489,1.3862943611198906,0
17408,163,1,32.65,3.5160130560907366,0.6931471805599453,0
17409,185,2,771.85,6.6500849805983275,1.0986122886681098,0
17410,16,5,1214.72,7.1030917728535865,1.791759469228055,0
17411,12,3,778.94,6.659216993647982,1.3862943611198906,0
17412,3,7,1258.06,7.138120689779327,2.0794415416798357,0
17414,44,2,778.0,6.658011045870748,1.0986122886681098,0
17415,80,1,507.84,6.23213362528801,0.6931471805599453,0
17416,30,7,6893.42,8.838467667762448,2.0794415416798357,0
17418,42,2,463.46000000000004,6.1408754404446775,1.0986122886681098,0
17419,11,12,4226.57,8.349382638885205,2.5649493574615367,0
17420,50,3,598.83,6.3966462817363405,1.3862943611198906,0
17422,16,6,1979.37,7.591038974917671,1.9459101490553132,0
17423,46,2,698.41,6.550237122496749,1.0986122886681098,0
17425,19,2,759.17,6.63354209247732,1.0986122886681098,0
17426,8,6,5037.26,8.524816063361785,1.9459101490553132,0
17427,72,1,100.8,4.623010104116422,0.6931471805599453,0
17428,1,28,17256.85,9.756022391409203,3.367295829986474,0
17429,128,3,524.9200000000001,6.265149109915909,1.3862943611198906,0
17430,33,2,265.76,5.586349377764106,1.0986122886681098,0
17431,313,1,403.3,6.002157176646725,0.6931471805599453,0
17432,18,2,365.76,5.9047076831817,1.0986122886681098,0
17433,88,1,303.15999999999997,5.7175538787401186,0.6931471805599453,0
17434,2,7,2373.82,7.77267692412289,2.0794415416798357,0
17436,2,2,216.29999999999998,5.381278887262384,1.0986122886681098,0
17438,254,1,388.45000000000005,5.9647354873659575,0.6931471805599453,0
17440,157,3,186.42000000000002,5.233352087695677,1.3862943611198906,0
17442,37,6,2248.56,7.7184899205194295,1.9459101490553132,0
17443,220,1,534.24,6.282715244436788,0.6931471805599453,0
17444,148,3,2940.04,7.9865185392775535,1.3862943611198906,0
17446,177,2,120.9,4.803201036487226,1.0986122886681098,0
17447,40,2,541.53,6.296243383424822,1.0986122886681098,0
17449,2,7,2519.21,7.832097510366773,2.0794415416798357,0
17450,8,46,194390.79,12.17763093760637,3.8501476017100584,1
17451,1,7,1721.4,7.451473946050153,2.0794415416798357,0
17453,18,2,486.71999999999997,6.189741470692064,1.0986122886681098,0
17454,192,4,517.53,6.25099788520506,1.6094379124341003,0
17455,204,1,131.7,4.888090941338162,0.6931471805599453,0
17456,365,1,249.86,5.524895014596528,0.6931471805599453,0
17457,127,5,1737.7,7.460892986533744,1.791759469228055,0
17458,15,1,316.5,5.760477818332746,0.6931471805599453,0
17459,43,2,657.3,6.489660754473831,1.0986122886681098,0
17460,94,6,622.4300000000001,6.435236489370733,1.9459101490553132,0
17461,23,3,735.82,6.602343628980946,1.3862943611198906,0
17462,60,2,675.69,6.517213265531828,1.0986122886681098,0
17463,16,5,1875.86,7.537355446697666,1.791759469228055,0
17464,158,1,289.96000000000004,5.673185800678734,0.6931471805599453,0
17466,10,2,763.28,6.638934214171274,1.0986122886681098,0
17468,10,2,137.0,4.927253685157205,1.0986122886681098,0
17469,16,5,1870.97,7.5347466312681,1.791759469228055,0
17470,45,5,1125.07,7.02648897373005,1.791759469228055,0
17472,191,3,697.54,6.548992442626483,1.3862943611198906,0
17475,79,1,194.37,5.274895196603544,0.6931471805599453,0
17480,78,1,511.82,6.239924906405982,0.6931471805599453,0
17481,4,4,1255.59,7.136156981955326,1.6094379124341003,0
17483,65,3,414.04,6.028374901128079,1.3862943611198906,0
17486,261,1,396.87,5.986125318762377,0.6931471805599453,0
17489,59,2,376.64,5.933941360864316,1.0986122886681098,0
17490,1,7,2092.32,7.646506601347098,2.0794415416798357,0
17491,1,10,3558.87,8.177479306325386,2.3978952727983707,0
17492,248,1,374.57,5.92844487193968,0.6931471805599453,0
17495,8,2,497.56,6.211723943242329,1.0986122886681098,0
17496,359,1,271.05,5.605985872931934,0.6931471805599453,0
17498,76,1,272.22,5.610277331459341,0.6931471805599453,0
17499,290,1,622.88,6.435958042183625,0.6931471805599453,0
17500,17,3,1138.0,7.037905963447182,1.3862943611198906,0
17501,221,2,288.6,5.668500660511562,1.0986122886681098,0
17502,9,4,689.1,6.536836514626557,1.6094379124341003,0
17503,3,2,558.96,6.327865352606625,1.0986122886681098,0
17504,206,9,2997.0299999999997,8.00571068528359,2.302585092994046,0
17505,162,2,1145.84,7.0447656130660885,1.0986122886681098,0
17506,76,1,302.2,5.714392653768217,0.6931471805599453,0
17507,262,2,605.58,6.407836624054821,1.0986122886681098,0
17508,281,1,387.31,5.961803989689555,0.6931471805599453,0
17509,58,8,6083.64,8.713522841798035,2.1972245773362196,0
17510,25,1,308.48,5.7348934696812535,0.6931471805599453,0
17511,3,31,91062.38,11.419311026583387,3.4657359027997265,1
17512,29,10,2924.9900000000002,7.981388163939233,2.3978952727983707,0
17513,72,1,513.2,6.2426122948317895,0.6931471805599453,0
17514,128,1,208.65,5.345439473616771,0.6931471805599453,0
17515,31,4,639.02,6.461499425865447,1.6094379124341003,0
17516,15,5,764.88,6.641025499505004,1.791759469228055,0
17517,309,1,153.94,5.043037945203756,0.6931471805599453,0
17519,17,6,1844.02,7.520245396524275,1.9459101490553132,0
17520,54,1,546.81,6.305928511499892,0.6931471805599453,0
17521,30,3,723.2099999999999,6.585081405576444,1.3862943611198906,0
17522,2,5,1070.71,6.977010782644906,1.791759469228055,0
17523,11,4,652.74,6.48270971889503,1.6094379124341003,0
17524,361,1,145.0,4.983606621708336,0.6931471805599453,0
17525,360,1,422.70000000000005,6.049025657632513,0.6931471805599453,0
17526,5,4,1195.8999999999999,7.087490159879325,1.6094379124341003,0
17527,54,4,939.37,6.8462734148384685,1.6094379124341003,0
17528,1,8,3628.5,8.196850176724896,2.1972245773362196,0
17530,1,10,2367.12,7.769851670395603,2.3978952727983707,0
17531,190,1,296.7,5.69608626802173,0.6931471805599453,0
17534,54,1,223.36,5.413251904640136,0.6931471805599453,0
17535,280,1,164.4,5.108366782589591,0.6931471805599453,0
17536,177,1,76.5,4.350277936359301,0.6931471805599453,0
17537,30,2,887.67,6.789725963001244,1.0986122886681098,0
17538,26,1,98.42,4.599353300666526,0.6931471805599453,0
17540,25,2,578.9,6.362855674882395,1.0986122886681098,0
17542,270,1,170.75,5.146039931102459,0.6931471805599453,0
17545,43,3,642.32,6.466642267627447,1.3862943611198906,0
17548,234,1,103.3,4.647271362006727,0.6931471805599453,0
17549,24,2,148.86,5.0097015249361645,1.0986122886681098,0
17550,197,3,267.16,5.591583817293718,1.3862943611198906,0
17551,359,1,290.34,5.674490970020802,0.6931471805599453,0
17552,60,4,930.41,6.836699567016301,1.6094379124341003,0
17553,130,1,1487.6,7.305591359925811,0.6931471805599453,0
17554,1,5,1952.45,7.577352319081822,1.791759469228055,0
17555,20,2,480.31,6.176511553155347,1.0986122886681098,0
17556,206,1,157.9,5.0682750735426705,0.6931471805599453,0
17557,14,3,541.46,6.29611434997733,1.3862943611198906,0
17560,95,4,854.95,6.7522119632207875,1.6094379124341003,0
17561,19,1,165.12,5.1127104187625525,0.6931471805599453,0
17562,14,7,1122.38,7.024097276842117,2.0794415416798357,0
17564,24,3,454.01,6.120319396731415,1.3862943611198906,0
17566,8,2,869.77,6.769377877687473,1.0986122886681098,0
17567,7,8,4331.48,8.373895405306746,2.1972245773362196,0
17569,332,1,344.14,5.843950131819433,0.6931471805599453,0
17571,50,4,1425.67,7.263098336353601,1.6094379124341003,0
17572,71,4,226.75000000000003,5.428248536140067,1.6094379124341003,0
17573,29,3,380.6,5.944372939574132,1.3862943611198906,0
17574,243,1,185.65,5.229235205360593,0.6931471805599453,0
17576,8,19,3564.83,8.179152124824576,2.995732273553991,0
17578,218,1,143.45999999999998,4.973002652622701,0.6931471805599453,0
17579,5,3,448.90000000000003,6.109025335847127,1.3862943611198906,0
17580,253,3,215.72,5.37860619777684,1.3862943611198906,0
17581,1,25,11025.24,9.308033165645913,3.258096538021482,0
17582,236,1,175.27,5.1720169104318625,0.6931471805599453,0
17584,7,2,1242.3,7.125524413958892,1.0986122886681098,0
17585,109,4,1116.68,7.019010387342232,1.6094379124341003,0
17588,100,3,1240.2,7.123833932574225,1.3862943611198906,0
17589,60,4,2404.17,7.785375866112405,1.6094379124341003,0
17590,2,3,1468.02,7.292350790785078,1.3862943611198906,0
17591,73,7,2203.67,7.698333116816846,2.0794415416798357,0
17593,4,5,3923.86,8.275085960790554,1.791759469228055,0
17594,85,2,993.18,6.901918276781504,1.0986122886681098,0
17595,12,2,386.69,5.960206051205209,1.0986122886681098,0
17596,23,7,2806.69,7.9401173601909,2.0794415416798357,0
17597,214,1,2044.3700000000001,7.623333981206562,0.6931471805599453,0
17600,18,1,161.67000000000002,5.091723608778362,0.6931471805599453,0
17601,239,1,116.00999999999999,4.7622594012308666,0.6931471805599453,0
17602,2,6,5054.42,8.52821621405653,1.9459101490553132,0
17603,78,1,394.72,5.980706890455022,0.6931471805599453,0
17604,217,2,309.36,5.737732914025749,1.0986122886681098,0
17608,33,2,191.99,5.2626383740910185,1.0986122886681098,0
17609,41,5,1105.78,7.00921017763747,1.791759469228055,0
17611,7,15,3961.12,8.2845345145333,2.772588722239781,0
17612,53,6,2048.45,7.625326743452606,1.9459101490553132,0
17613,23,14,4544.55,8.421904011391415,2.70805020110221,0
17614,57,1,386.32,5.959251224743331,0.6931471805599453,0
17615,130,3,329.6,5.8009091853869235,1.3862943611198906,0
17616,174,3,571.1999999999999,6.3494885806160095,1.3862943611198906,0
17618,6,3,930.28,6.836559983939986,1.3862943611198906,0
17619,312,1,214.37,5.372357479256501,0.6931471805599453,0
17620,60,1,81.44,4.412070756022258,0.6931471805599453,0
17621,21,3,1379.9,7.230490739491305,1.3862943611198906,0
17623,33,1,527.0500000000001,6.269190976192483,0.6931471805599453,0
17624,15,2,843.48,6.7387210533149595,1.0986122886681098,0
17625,18,4,2020.4,7.611545619640562,1.6094379124341003,0
17628,81,1,75.75,4.340553386467307,0.6931471805599453,0
17629,6,8,1814.12,7.503906860215884,2.1972245773362196,0
17630,170,2,503.59999999999997,6.223766036206957,1.0986122886681098,0
17631,2,3,528.33,6.271612055889925,1.3862943611198906,0
17633,31,4,1324.84,7.189801499815289,1.6094379124341003,0
17634,36,9,2358.59,7.766243154113498,2.302585092994046,0
17636,19,1,285.56,5.657947938312402,0.6931471805599453,0
17637,31,2,547.0600000000001,6.3063847700056215,1.0986122886681098,0
17639,276,1,108.5,4.695924549256556,0.6931471805599453,0
17640,87,1,621.66,6.434000623425246,0.6931471805599453,0
17642,120,2,712.29,6.569888069839022,1.0986122886681098,0
17643,373,1,101.55,4.63035048451839,0.6931471805599453,0
17644,1,11,2895.64,7.971306723565063,2.4849066497880004,0
17646,219,3,1008.39,6.917101466981717,1.3862943611198906,0
17647,65,1,133.06,4.8982874609298115,0.6931471805599453,0
17648,61,4,1797.5,7.494708263135679,1.6094379124341003,0
17649,138,1,868.49,6.767906832865638,0.6931471805599453,0
17650,21,1,166.08,5.118472739628975,0.6931471805599453,0
17651,12,10,3945.0,8.28045768658256,2.3978952727983707,0
17652,25,12,4867.72,8.490586347854247,2.5649493574615367,0
17653,37,4,1207.56,7.09718484723547,1.6094379124341003,0
17654,277,1,117.55,4.775334812511415,0.6931471805599453,0
17655,11,7,2638.94,7.878511468609366,2.0794415416798357,0
17656,73,5,1674.69,7.4239802997335635,1.791759469228055,0
17658,26,2,595.42,6.39094511686889,1.0986122886681098,0
17659,17,12,2999.46,8.006520889229225,2.5649493574615367,0
17660,141,1,178.75,5.191566996601156,0.6931471805599453,0
17663,26,7,1802.91,7.4977118102428095,2.0794415416798357,0
17664,19,2,604.64,6.406285750140171,1.0986122886681098,0
17666,4,2,728.16,6.591893186664721,1.0986122886681098,0
17667,66,5,2055.51,7.628765650289339,1.791759469228055,0
17668,1,2,347.75,5.854355333135575,1.0986122886681098,0
17669,43,7,3406.7200000000003,8.133798724949507,2.0794415416798357,0
17670,228,1,205.7,5.331268466687723,0.6931471805599453,0
17671,16,4,1572.71,7.361191168037922,1.6094379124341003,0
17672,50,2,3178.17,8.064375435416844,1.0986122886681098,0
17673,2,6,1594.97,7.375236980840607,1.9459101490553132,0
17674,74,2,551.04,6.313620507419839,1.0986122886681098,0
17675,1,31,20374.28,9.922077680345927,3.4657359027997265,0
17676,4,6,1371.18,7.224155995015752,1.9459101490553132,0
17677,2,30,16345.38,9.701761745083482,3.4339872044851463,0
17678,264,1,298.11,5.700811398711247,0.6931471805599453,0
17679,53,2,1992.1100000000001,7.597451511865824,1.0986122886681098,0
17680,24,1,184.4,5.2225156531317545,0.6931471805599453,0
17682,10,6,2474.33,7.814128999448025,1.9459101490553132,0
17684,44,1,239.41,5.482345799133678,0.6931471805599453,0
17685,17,7,3155.83,8.057323638517671,2.0794415416798357,0
17686,7,7,5739.46,8.655294625475447,2.0794415416798357,0
17690,30,15,4726.8,8.461215257006781,2.772588722239781,0
17691,358,2,290.40000000000003,5.674696893761104,1.0986122886681098,0
17692,127,4,740.9399999999999,6.6092683773641365,1.6094379124341003,0
17693,137,1,200.47,5.305640486927818,0.6931471805599453,0
17694,142,1,283.12,5.649396684129609,0.6931471805599453,0
17695,132,2,765.34,6.641625935491769,1.0986122886681098,0
17696,38,8,2285.71,7.734869382309582,2.1972245773362196,0
17697,236,1,338.95,5.828798547972468,0.6931471805599453,0
17698,261,1,154.95,5.049535443053812,0.6931471805599453,0
17700,17,4,2534.64,7.838201349644471,1.6094379124341003,0
17701,253,1,417.95,6.037751581059295,0.6931471805599453,0
17702,30,4,1824.37,7.509537985193698,1.6094379124341003,0
17703,35,3,798.74,6.684286674843982,1.3862943611198906,0
17704,169,2,885.19,6.786931374567216,1.0986122886681098,0
17705,3,9,1823.52,7.5090722177237925,2.302585092994046,0
17706,4,17,10504.49,9.259653256646303,2.8903717578961645,0
17707,185,2,152.4,5.0330488889331555,1.0986122886681098,0
17708,188,2,263.33,5.577198322546748,1.0986122886681098,0
17709,170,1,137.45,4.9305092496169705,0.6931471805599453,0
17711,11,2,385.1,5.956096403270191,1.0986122886681098,0
17712,45,1,522.91,6.261319913844147,0.6931471805599453,0
17714,321,1,153.0,5.0369526024136295,0.6931471805599453,0
17715,201,1,326.4,5.791182664937034,0.6931471805599453,0
17716,23,11,5655.99,8.640647227620185,2.4849066497880004,0
17718,232,1,139.35,4.9441393028078915,0.6931471805599453,0
17719,38,15,5396.04,8.593605934116098,2.772588722239781,0
17720,26,4,1195.94,7.087523578988375,1.6094379124341003,0
17722,96,4,2424.04,7.793603298080906,1.6094379124341003,0
17723,127,6,3276.4000000000005,8.094805704112124,1.9459101490553132,0
17724,71,3,1033.0,6.9411900550683745,1.3862943611198906,0
17725,16,11,3439.08,8.143250005910986,2.4849066497880004,0
17727,15,1,1060.25,6.967202737625557,0.6931471805599453,0
17728,4,3,2876.01,7.964506839388399,1.3862943611198906,0
17730,3,13,5298.4800000000005,8.575363981519251,2.6390573296152584,0
17731,79,4,1240.11,7.123761419471479,1.6094379124341003,0
17732,373,1,303.97,5.7202134111139475,0.6931471805599453,0
17733,39,2,692.19,6.541304131886272,1.0986122886681098,0
17734,54,3,700.63,6.553406199550886,1.3862943611198906,0
17735,2,19,13110.02,9.481208376934894,2.995732273553991,0
17736,9,3,377.44,5.936057539836243,1.3862943611198906,0
17737,9,2,168.24,5.131317825851867,1.0986122886681098,0
17738,19,4,1879.05,7.539053651215015,1.6094379124341003,0
17739,12,7,2791.35,7.934638814191774,2.0794415416798357,0
17742,113,2,355.11,5.875239671888878,1.0986122886681098,0
17744,4,6,2322.4,7.750786909079374,1.9459101490553132,0
17746,240,1,110.25,4.711779921046349,0.6931471805599453,0
17747,113,1,71.4,4.282206299391671,0.6931471805599453,0
17749,178,2,674.52,6.515482764659955,1.0986122886681098,0
17750,5,9,1710.45,7.445096243403855,2.302585092994046,0
17752,359,1,80.64,4.402319337941644,0.6931471805599453,0
17754,1,5,1664.65,7.417970716622433,1.791759469228055,0
17757,1,30,5593.39,8.629519588886271,3.4339872044851463,0
17758,19,8,3408.2000000000003,8.134232938648143,2.1972245773362196,0
17759,17,3,819.96,6.7104743871936545,1.3862943611198906,0
17760,22,2,287.59,5.665006995704794,1.0986122886681098,0
17761,33,1,712.78,6.570574791610563,0.6931471805599453,0
17763,263,1,15.0,2.772588722239781,0.6931471805599453,0
17764,51,2,772.55,6.650990309165078,1.0986122886681098,0
17765,159,3,367.63,5.909793430963424,1.3862943611198906,0
17767,15,1,271.2,5.6065370902173655,0.6931471805599453,0
17768,8,3,2081.9,7.641516432427338,1.3862943611198906,0
17769,13,10,3957.43,8.283602760989174,2.3978952727983707,0
17770,199,5,1143.27,7.042522158078838,1.791759469228055,0
17771,57,2,245.81,5.508618809848949,1.0986122886681098,0
17772,11,2,173.45,5.161638167632783,1.0986122886681098,0
17774,97,4,1213.73,7.10227710885741,1.6094379124341003,0
17775,255,1,56.4,4.050044303325521,0.6931471805599453,0
17777,25,3,647.56,6.4747545206794515,1.3862943611198906,0
17779,21,3,650.32,6.479001072896019,1.3862943611198906,0
17781,159,2,188.02,5.24185282956691,1.0986122886681098,0
17783,72,2,283.47,5.650627799851681,1.0986122886681098,0
17785,53,1,131.94,4.889897898613436,0.6931471805599453,0
17786,85,2,266.85,5.590427122326969,1.0986122886681098,0
17787,153,4,1817.54,7.505789260335805,1.6094379124341003,0
17788,74,2,1117.9,7.020101338813675,1.0986122886681098,0
17789,281,1,225.9,5.424509391785796,0.6931471805599453,0
17790,27,14,1964.3,7.58340018440594,2.70805020110221,0
17791,30,1,106.1,4.673762977453703,0.6931471805599453,0
17793,25,1,300.34,5.708239195373142,0.6931471805599453,0
17795,180,2,342.83,5.840147349176718,1.0986122886681098,0
17796,40,4,690.0,6.53813982376767,1.6094379124341003,0
17797,22,3,780.43,6.6611255745126075,1.3862943611198906,0
17799,22,10,3039.17,8.019668713889375,2.3978952727983707,0
17800,37,9,1187.21,7.080203251977793,2.302585092994046,0
17802,82,3,1285.04,7.159323008512906,1.3862943611198906,0
17805,74,1,512.31,6.240879951161022,0.6931471805599453,0
17806,11,1,546.04,6.304521925890991,0.6931471805599453,0
17809,16,12,5411.91,8.596542120019182,2.5649493574615367,0
17811,4,39,7761.82,8.957100949224584,3.6888794541139363,0
17812,13,4,699.81,6.552236808926767,1.6094379124341003,0
17813,14,5,1698.07,7.437836321529504,1.791759469228055,0
17816,37,4,36.56,3.6259396543400624,1.6094379124341003,0
17817,4,3,387.68,5.9627563829712384,1.3862943611198906,0
17819,72,7,3704.87,8.217673327978565,2.0794415416798357,0
17824,51,1,298.4,5.701780471985528,0.6931471805599453,0
17827,5,5,1987.33,7.595050369416567,1.791759469228055,0
17828,23,4,1820.09,7.507190501900052,1.6094379124341003,0
17829,299,1,889.24,6.7914910892950235,0.6931471805599453,0
17830,2,3,398.7,5.990714265717278,1.3862943611198906,0
17831,33,1,35.400000000000006,3.594568774642695,0.6931471805599453,0
17832,50,1,155.37,5.052224993855419,0.6931471805599453,0
17835,3,3,342.24,5.83842991093892,1.3862943611198906,0
17836,47,1,110.21000000000001,4.71142030583075,0.6931471805599453,0
17837,42,8,1541.23,7.340984699939525,2.1972245773362196,0
17838,27,5,2720.8,7.909048705126217,1.791759469228055,0
17839,42,1,318.15,5.765661211702066,0.6931471805599453,0
17841,2,124,40519.84,10.6095716886512,4.8283137373023015,1
17843,303,1,205.48,5.330203555410359,0.6931471805599453,0
17844,107,1,51.559999999999995,3.961955374176355,0.6931471805599453,0
17846,85,1,2033.1,7.617808739608441,0.6931471805599453,0
17848,81,9,901.1999999999999,6.804836224974295,2.302585092994046,0
17849,218,4,605.8000000000001,6.408199247474378,1.6094379124341003,0
17850,372,34,5391.21,8.59271059842128,3.5553480614894135,0
17852,12,2,114.34,4.747884288187267,1.0986122886681098,0
17854,185,2,311.26,5.743836174113374,1.0986122886681098,0
17855,373,1,208.97,5.346964663369558,0.6931471805599453,0
17856,2,4,1418.03,7.25772881858561,1.6094379124341003,0
17857,4,23,26879.04,10.199139282731217,3.1780538303479458,0
17858,6,12,5140.66,8.545131263508203,2.5649493574615367,0
17859,305,1,141.92000000000002,4.962285033155209,0.6931471805599453,0
17860,369,1,226.45000000000002,5.426930434016013,0.6931471805599453,0
17861,3,8,2097.88,7.649159148105371,2.1972245773362196,0
17862,324,1,330.9,5.804833718725929,0.6931471805599453,0
17863,59,6,3160.0,8.058643712215618,1.9459101490553132,0
17864,13,3,554.85,6.320498473679624,1.3862943611198906,0
17865,31,20,10526.32,9.261729061813442,3.044522437723423,0
17866,143,1,329.65,5.801060414120672,0.6931471805599453,0
17867,30,6,1157.8700000000001,7.055200671388662,1.9459101490553132,0
17869,107,5,428.18,6.061876411348347,1.791759469228055,0
17870,2,12,1865.89,7.532029223755638,2.5649493574615367,0
17871,205,1,155.9,5.055608659738987,0.6931471805599453,0
17873,80,5,1848.96,7.522919296216998,1.791759469228055,0
17874,185,6,683.46,6.528630206205813,1.9459101490553132,0
17877,170,1,237.61,5.474830419933934,0.6931471805599453,0
17878,44,1,379.45,5.941354762622532,0.6931471805599453,0
17879,174,1,178.51999999999998,5.190286622334331,0.6931471805599453,0
17880,365,1,458.92,6.131052561315036,0.6931471805599453,0
17881,304,1,133.35000000000002,4.9004483350615,0.6931471805599453,0
17883,3,4,664.34,6.500298188193179,1.6094379124341003,0
17884,4,4,695.0699999999999,6.545450229989766,1.6094379124341003,0
17885,12,1,156.34,5.0584090689010965,0.6931471805599453,0
17886,32,3,869.28,6.768814998950002,1.3862943611198906,0
17887,129,1,111.35,4.721618998631338,0.6931471805599453,0
17888,21,8,716.0,6.57507584059962,2.1972245773362196,0
17889,212,2,201.37,5.310097705083568,1.0986122886681098,0
17890,323,2,586.89,6.376539855568017,1.0986122886681098,0
17891,162,1,203.85999999999999,5.3223268190083886,0.6931471805599453,0
17892,56,3,244.1,5.501666290534067,1.3862943611198906,0
17893,225,1,107.21,4.684073783583557,0.6931471805599453,0
17894,72,8,1118.96,7.021048249365656,2.1972245773362196,0
17895,44,1,95.45,4.569024739351738,0.6931471805599453,0
17896,23,1,256.32,5.550320446542799,0.6931471805599453,0
17897,173,3,541.8100000000001,6.2967593507829065,1.3862943611198906,0
17898,85,2,152.06,5.030830001381775,1.0986122886681098,0
17899,159,1,154.55,5.046967223343646,0.6931471805599453,0
17900,190,2,112.19999999999999,4.729156165769083,1.0986122886681098,0
17901,29,1,110.38,4.7129477781615225,0.6931471805599453,0
17904,21,1,181.07,5.204391228515873,0.6931471805599453,0
17905,71,4,798.99,6.684599227589802,1.6094379124341003,0
17906,247,1,72.9,4.302712827954156,0.6931471805599453,0
17908,374,1,232.03,5.451167200642247,0.6931471805599453,0
17911,9,1,366.23,5.9059883547555305,0.6931471805599453,0
17912,310,5,310.06,5.739985819616414,1.791759469228055,0
17913,59,2,408.65,6.015303136587824,1.0986122886681098,0
17914,4,1,329.36,5.800182968942516,0.6931471805599453,0
17917,45,3,335.03,5.8172004416917575,1.3862943611198906,0
17919,88,1,1304.04,7.173988970628047,0.6931471805599453,0
17920,4,17,4119.5,8.323729794203437,2.8903717578961645,0
17921,64,4,820.23,6.710803216382034,1.6094379124341003,0
17923,282,1,207.50000000000003,5.339939041238856,0.6931471805599453,0
17924,12,7,2962.5,7.994126281227893,2.0794415416798357,0
17925,373,1,244.08,5.501584687857454,0.6931471805599453,0
17926,133,2,397.29,5.98718038316893,1.0986122886681098,0
17928,45,2,212.54,5.363824168750156,1.0986122886681098,0
17929,11,4,843.0,6.738152494595957,1.6094379124341003,0
17930,36,5,1740.48,7.462490605387541,1.791759469228055,0
17931,134,2,408.36,6.014594964496837,1.0986122886681098,0
17932,29,3,1331.57,7.19486468749322,1.3862943611198906,0
17934,52,2,704.25,6.558552349882105,1.0986122886681098,0
17935,138,2,145.79,4.989002993969142,1.0986122886681098,0
17936,5,1,380.13,5.943140524277792,0.6931471805599453,0
17937,9,7,4301.22,8.366886447525236,2.0794415416798357,0
17939,160,1,99.14,4.606569206901798,0.6931471805599453,0
17940,49,10,4020.04,8.299295854621981,2.3978952727983707,0
17941,131,1,304.56,5.722146158673159,0.6931471805599453,0
17942,8,1,77.50000000000001,4.363098624788363,0.6931471805599453,0
17946,233,2,149.57999999999998,5.014494504421976,1.0986122886681098,0
17947,37,1,176.68,5.179984179586172,0.6931471805599453,0
17948,147,1,358.56000000000006,5.884881061705198,0.6931471805599453,0
17949,1,45,58510.48,10.976978253283772,3.828641396489095,1
17950,72,3,482.2,6.180430646620605,1.3862943611198906,0
17951,40,3,1008.5400000000001,6.917250060543926,1.3862943611198906,0
17954,5,12,2314.13,7.747221120451233,2.5649493574615367,0
17955,199,4,557.3,6.324896452316315,1.6094379124341003,0
17956,249,1,12.75,2.6210388241125804,0.6931471805599453,0
17957,66,1,111.68,4.724551943008172,0.6931471805599453,0
17958,117,1,508.4599999999999,6.233351341239327,0.6931471805599453,0
17960,171,1,73.78,4.314550469548967,0.6931471805599453,0
17961,21,39,1296.44,7.1681483711962475,3.6888794541139363,0
17962,142,1,102.41,4.638701669196884,0.6931471805599453,0
17964,32,2,463.21,6.140337036046906,1.0986122886681098,0
17965,38,14,2599.19,7.863339798262662,2.70805020110221,0
17966,38,5,1098.43,7.0025471426656845,1.791759469228055,0
17967,372,1,112.27,4.729774349212622,0.6931471805599453,0
17968,374,1,265.1,5.583872177983643,0.6931471805599453,0
17969,166,2,228.2,5.434594984840585,1.0986122886681098,0
17970,211,1,562.79,6.334681841736619,0.6931471805599453,0
17972,242,1,135.19,4.914050969580866,0.6931471805599453,0
17973,52,1,337.04,5.823164231676282,0.6931471805599453,0
17974,25,3,703.99,6.558183618314506,1.3862943611198906,0
17975,15,13,4483.26,8.408328766453955,2.6390573296152584,0
17976,372,1,321.79,5.7770019569816125,0.6931471805599453,0
17977,29,1,288.14,5.6669109998802965,0.6931471805599453,0
17978,365,1,300.91999999999996,5.71016208162024,0.6931471805599453,0
17979,36,4,732.41,6.597704890668348,1.6094379124341003,0
17980,166,3,811.45,6.700054373848785,1.3862943611198906,0
17984,145,1,152.68,5.034872518460301,0.6931471805599453,0
17985,22,1,631.35,6.4494430383259855,0.6931471805599453,0
17986,56,1,20.8,3.0819099697950434,0.6931471805599453,0
17987,185,1,198.57,5.2961650519798935,0.6931471805599453,0
17988,12,7,201.12,5.308861580423708,2.0794415416798357,0
17990,237,3,630.84,6.448636197538339,1.3862943611198906,0
17991,225,2,93.35,4.547011271814559,1.0986122886681098,0
17994,122,4,674.89,6.516030340908829,1.6094379124341003,0
17995,282,1,76.1,4.345103280569283,0.6931471805599453,0
17997,74,8,1962.46,7.582463502025479,2.1972245773362196,0
17999,37,2,380.39,5.94382247363014,1.0986122886681098,0
18001,12,2,415.13,6.030997711443308,1.0986122886681098,0
18004,362,1,157.92,5.068400930946398,0.6931471805599453,0
18005,4,2,226.47,5.42701836156377,1.0986122886681098,0
18006,23,1,444.68,6.09960120571256,0.6931471805599453,0
18008,70,9,2116.19,7.657845016753332,2.302585092994046,0
18009,235,1,247.39,5.515000091600009,0.6931471805599453,0
18010,257,1,174.8,5.169346985251076,0.6931471805599453,0
18011,373,1,102.78999999999999,4.642369626977198,0.6931471805599453,0
18013,155,2,187.29,5.237983327508337,1.0986122886681098,0
18014,28,1,162.22,5.095098984041097,0.6931471805599453,0
18015,4,1,120.03,4.7960384487505126,0.6931471805599453,0
18016,32,5,1477.66,7.298891551225709,1.791759469228055,0
18017,81,3,523.0,6.261491684321042,1.3862943611198906,0
18018,108,2,122.14,4.813321919483064,1.0986122886681098,0
18019,52,1,38.45,3.6750340472918834,0.6931471805599453,0
18022,36,1,612.72,6.419538798077005,0.6931471805599453,0
18024,153,2,389.78,5.968144741786365,1.0986122886681098,0
18027,99,1,115.31,4.7562590403509475,0.6931471805599453,0
18030,4,2,230.64999999999998,5.4452276118626575,1.0986122886681098,0
18032,334,1,73.5,4.310799125385514,0.6931471805599453,0
18033,65,1,93.82000000000001,4.551980357473973,0.6931471805599453,0
18034,22,2,418.68,6.039492516118564,1.0986122886681098,0
18035,36,3,713.89,6.572128684704628,1.3862943611198906,0
18036,32,3,403.12,6.001711863559532,1.3862943611198906,0
18037,154,6,70.02,4.262961527514942,1.9459101490553132,0
18040,19,2,357.20000000000005,5.881091489626612,1.0986122886681098,0
18041,12,21,4097.37,8.318344612668472,3.091042453358316,0
18042,54,1,165.04999999999998,5.112288947822756,0.6931471805599453,0
18043,25,3,529.29,6.273424026714671,1.3862943611198906,0
18044,4,10,2088.6,7.644727939082112,2.3978952727983707,0
18045,45,1,178.34,5.189283445523902,0.6931471805599453,0
18048,203,2,172.29000000000002,5.1549664916521545,1.0986122886681098,0
18050,359,1,74.4,4.32280727501391,0.6931471805599453,0
18053,71,1,300.02,5.707176707724217,0.6931471805599453,0
18055,7,10,6761.34,8.819124262985744,2.3978952727983707,0
18056,288,1,363.65,5.898937989430242,0.6931471805599453,0
18058,10,1,170.16,5.142598791548616,0.6931471805599453,0
18059,23,3,306.46,5.728344997484453,1.3862943611198906,0
18061,22,10,2119.41,7.659364745193834,2.3978952727983707,0
18062,173,3,720.52,6.581360097857453,1.3862943611198906,0
18064,133,2,814.0,6.703188113240863,1.0986122886681098,0
18065,6,14,2392.83,7.780649872736044,2.70805020110221,0
18066,75,1,318.0,5.765191102784844,0.6931471805599453,0
18067,40,1,396.33,5.98476716966025,0.6931471805599453,0
18068,289,1,101.69999999999999,4.631812116934513,0.6931471805599453,0
18069,26,5,2009.24,7.606009396910227,1.791759469228055,0
18071,258,2,453.0,6.118097198041348,1.0986122886681098,0
18072,186,1,247.44,5.515201367691102,0.6931471805599453,0
18073,114,12,3859.82,8.258634875130868,2.5649493574615367,0
18074,374,1,489.6,6.195629131824389,0.6931471805599453,0
18075,23,10,2611.75,7.868158585474613,2.3978952727983707,0
18077,8,11,2584.41,7.85763938171581,2.4849066497880004,0
18078,217,2,336.13,5.820468612643942,1.0986122886681098,0
18079,45,4,3613.15,8.192611975548187,1.6094379124341003,0
18080,19,2,1231.5,7.116799905916845,1.0986122886681098,0
18081,36,3,343.45,5.841948942039205,1.3862943611198906,0
18082,26,1,680.84,6.524795026214043,0.6931471805599453,0
18084,16,1,90.47999999999999,4.516120369154581,0.6931471805599453,0
18085,330,2,689.95,6.538067462249494,1.0986122886681098,0
18086,274,1,101.34,4.628300603376946,0.6931471805599453,0
18087,98,2,4055.7199999999993,8.308130044310031,1.0986122886681098,0
18088,61,1,166.03,5.118173437001857,0.6931471805599453,0
18092,2,11,9068.26,9.11264595212913,2.4849066497880004,0
18093,93,4,2106.52,7.653267179747945,1.6094379124341003,0
18094,82,7,3017.3,8.012449037966114,2.0794415416798357,0
18095,313,2,580.0500000000001,6.364836811668883,1.0986122886681098,0
18096,12,3,849.06,6.745306935228424,1.3862943611198906,0
18097,8,6,2662.4,7.887358781068045,1.9459101490553132,0
18099,127,1,168.31,5.131731354140141,0.6931471805599453,0
18101,11,2,222.4,5.4089638866351,1.0986122886681098,0
18102,1,60,259657.3,12.467121814869783,4.110873864173311,1
18104,37,1,754.64,6.627565072288651,0.6931471805599453,0
18105,38,1,113.48000000000002,4.740400135248196,0.6931471805599453,0
18106,330,1,421.9,6.047135744478443,0.6931471805599453,0
18108,254,1,271.0,5.605802066295998,0.6931471805599453,0
18109,2,26,8004.92,8.987936546996973,3.295836866004329,0
18110,20,1,198.8,5.297316866214453,0.6931471805599453,0
18112,12,2,352.69,5.868420823264403,1.0986122886681098,0
18113,369,1,76.32000000000001,4.34795265434013,0.6931471805599453,0
18114,290,1,220.1,5.3986150878634005,0.6931471805599453,0
18116,68,8,1403.1100000000001,7.247158929095093,2.1972245773362196,0
18117,26,1,315.65,5.757797062962439,0.6931471805599453,0
18118,11,26,5625.08,8.63516820864298,3.295836866004329,0
18119,368,1,180.7,5.202356975402125,0.6931471805599453,0
18120,214,1,111.15,4.719837260966218,0.6931471805599453,0
18121,149,2,653.3,6.483565961875693,1.0986122886681098,0
18122,8,6,1793.06,7.492236486875529,1.9459101490553132,0
18123,24,2,574.4399999999999,6.355134965559101,1.0986122886681098,0
18125,30,4,1131.75,7.032403583547247,1.6094379124341003,0
18126,61,1,200.92000000000002,5.307871579352849,0.6931471805599453,0
18127,19,3,347.08,5.852432338412425,1.3862943611198906,0
18129,243,1,112.55000000000001,4.732243268551567,0.6931471805599453,0
18130,15,3,1059.39,6.966392043966783,1.3862943611198906,0
18133,212,1,931.4999999999999,6.83786915151797,0.6931471805599453,0
18135,29,5,681.9100000000001,6.52636307929225,1.791759469228055,0
18136,63,3,784.33,6.666104011612187,1.3862943611198906,0
18138,295,1,152.65,5.034677288576494,0.6931471805599453,0
18139,18,6,8438.34,9.040659385480165,1.9459101490553132,0
18142,157,2,1019.52,6.928067580294015,1.0986122886681098,0
18143,117,2,1000.16,6.908914606701983,1.0986122886681098,0
18144,8,12,2888.75,7.968925272174377,2.5649493574615367,0
18145,13,4,2861.55,7.959468114958852,1.6094379124341003,0
18146,141,2,160.35000000000002,5.083575918497971,1.0986122886681098,0
18147,46,2,179.33999999999997,5.19484395807176,1.0986122886681098,0
18149,51,3,612.0799999999999,6.4184954331307065,1.3862943611198906,0
18150,32,3,566.58,6.341381708583334,1.3862943611198906,0
18151,135,2,653.35,6.483642376501489,1.0986122886681098,0
18154,3,2,399.19,5.991939434331194,1.0986122886681098,0
18155,75,3,371.62,5.920559133592207,1.3862943611198906,0
18156,13,2,675.64,6.517139373724178,1.0986122886681098,0
18158,9,2,453.4,6.118977867406942,1.0986122886681098,0
18159,301,1,530.15,6.275044467226023,0.6931471805599453,0
18160,57,2,638.0600000000001,6.459998346683129,1.0986122886681098,0
18161,15,5,1618.69,7.3899900518904555,1.791759469228055,0
18164,37,1,399.65000000000003,5.99308822822408,0.6931471805599453,0
18165,177,1,302.46000000000004,5.715249806097095,0.6931471805599453,0
18167,23,3,1384.8600000000001,7.234076164546975,1.3862943611198906,0
18168,176,6,1160.04,7.057071434162108,1.9459101490553132,0
18169,61,1,202.65,5.316402834094422,0.6931471805599453,0
18170,33,3,980.31,6.888888413724063,1.3862943611198906,0
18171,59,5,1231.31,7.116645735818236,1.791759469228055,0
18172,15,20,7561.68,8.930980903708734,3.044522437723423,0
18173,87,4,2106.84,7.653419005452328,1.6094379124341003,0
18174,7,1,104.0,4.653960350157523,0.6931471805599453,0
18176,358,1,476.35,6.168249974444042,0.6931471805599453,0
18177,31,6,1340.8700000000001,7.20181944249662,1.9459101490553132,0
18178,129,4,1590.81,7.372627012548272,1.6094379124341003,0
18179,9,6,1793.17,7.4922977984414185,1.9459101490553132,0
18180,5,6,1843.75,7.520099045938476,1.9459101490553132,0
18181,24,1,366.85,5.907675246378274,0.6931471805599453,0
18183,227,2,632.07,6.450581000548326,1.0986122886681098,0
18184,15,1,49.8,3.927896354584436,0.6931471805599453,0
18185,249,1,304.25,5.721131112990814,0.6931471805599453,0
18188,15,3,2001.04,7.601921939695548,1.3862943611198906,0
18189,78,2,1090.24,6.995069943308846,1.0986122886681098,0
18190,192,2,284.46000000000004,5.654101914201623,1.0986122886681098,0
18191,262,1,207.79999999999998,5.341376856008484,0.6931471805599453,0
18192,72,1,957.97,6.865859791808101,0.6931471805599453,0
18193,165,1,243.76,5.500278138594339,0.6931471805599453,0
18194,82,1,973.8399999999999,6.882273354967445,0.6931471805599453,0
18196,95,2,686.63,6.533250902574385,1.0986122886681098,0
18198,4,17,5425.56,8.599060694675584,2.8903717578961645,0
18200,106,1,150.35,5.019595035467727,0.6931471805599453,0
18202,200,3,1396.99,7.242790769692349,1.3862943611198906,0
18203,157,1,160.42000000000002,5.084009663896226,0.6931471805599453,0
18204,71,3,1975.35,7.589006988129015,1.3862943611198906,0
18205,36,2,517.36,6.2506699815672135,1.0986122886681098,0
18209,29,1,139.10000000000002,4.942356453342962,0.6931471805599453,0
18210,2,6,2621.38,7.871837581358896,1.9459101490553132,0
18211,26,5,600.07,6.3987114002985646,1.791759469228055,0
18212,326,1,216.07,5.380219882167671,0.6931471805599453,0
18213,237,1,232.48000000000002,5.453096420335591,0.6931471805599453,0
18215,89,1,299.34000000000003,5.7049151662521345,0.6931471805599453,0
18216,31,1,481.75,6.179498921308624,0.6931471805599453,0
18217,29,2,621.75,6.43414515414229,1.0986122886681098,0
18218,211,2,641.92,6.46602029970094,1.0986122886681098,0
18219,3,10,2069.77,7.635675797768084,2.3978952727983707,0
18220,227,1,305.28000000000003,5.724499716244923,0.6931471805599453,0
18221,22,5,1041.61,6.949482463694109,1.791759469228055,0
18222,93,1,443.0,6.095824562432225,0.6931471805599453,0
18223,5,14,6484.54,8.777330362366365,2.70805020110221,0
18224,264,1,158.95000000000002,5.074861266395527,0.6931471805599453,0
18225,3,12,5504.96,8.61358642087413,2.5649493574615367,0
18226,44,11,5228.05,8.561984896200169,2.4849066497880004,0
18227,218,1,93.75,4.5512418439625355,0.6931471805599453,0
18228,57,2,779.9,6.660447100668629,1.0986122886681098,0
18229,12,20,7276.900000000001,8.892597638039238,3.044522437723423,0
18230,9,7,2810.2000000000003,7.941366717432833,2.0794415416798357,0
18231,192,5,2071.77,7.636641155966783,1.791759469228055,0
18232,82,4,592.97,6.386828813036717,1.6094379124341003,0
18233,326,1,440.0,6.089044875446846,0.6931471805599453,0
18235,72,3,1796.48,7.494140962968628,1.3862943611198906,0
18236,30,6,882.24,6.783596964352348,1.9459101490553132,0
18237,3,5,987.1,6.895783907200917,1.791759469228055,0
18239,219,5,1561.6100000000001,7.354112779132593,1.791759469228055,0
18240,46,1,422.58,6.0487423982594555,0.6931471805599453,0
18241,10,17,2073.09,7.637277782254905,2.8903717578961645,0
18242,72,4,2232.4900000000002,7.711320663504336,1.6094379124341003,0
18245,7,7,2567.06,7.850906029022887,2.0794415416798357,0
18246,24,2,596.1,6.392084603552947,1.0986122886681098,0
18248,123,2,804.02,6.690867121830435,1.0986122886681098,0
18249,17,1,95.34,4.567883601202075,0.6931471805599453,0
18250,310,1,349.27,5.858704285656805,0.6931471805599453,0
18251,87,1,4314.72,8.370019449389407,0.6931471805599453,0
18252,51,2,518.27,6.252423979106417,1.0986122886681098,0
18255,89,1,103.3,4.647271362006727,0.6931471805599453,0
18257,39,8,2337.63,7.757320566811742,2.1972245773362196,0
18259,25,3,2338.6000000000004,7.757735253568871,1.3862943611198906,0
18260,173,6,2628.35,7.874491946336666,1.9459101490553132,0
18261,43,2,324.24,5.784563371339637,1.0986122886681098,0
18262,140,1,149.48,5.013830184992774,0.6931471805599453,0
18263,26,3,1213.1599999999999,7.10180775865179,1.3862943611198906,0
18265,72,2,801.51,6.687744315985722,1.0986122886681098,0
18268,134,1,25.5,3.2771447329921766,0.6931471805599453,0
18269,366,1,168.6,5.133442723357803,0.6931471805599453,0
18270,38,2,283.15,5.649502267743131,1.0986122886681098,0
18272,3,6,3078.58,8.03254850303289,1.9459101490553132,0
18273,2,3,204.0,5.3230099791384085,1.3862943611198906,0
18274,30,1,175.92,5.1756976530001255,0.6931471805599453,0
18276,44,1,335.86,5.81966741377024,0.6931471805599453,0
18277,58,1,110.38,4.7129477781615225,0.6931471805599453,0
18278,74,1,173.9,5.164214382024556,0.6931471805599453,0
18280,278,1,180.60000000000002,5.201806466167193,0.6931471805599453,0
18281,181,1,80.82,4.404521712501253,0.6931471805599453,0
18282,8,2,178.05,5.187665096444442,1.0986122886681098,0
18283,4,16,2045.53,7.623900954999213,2.833213344056216,0
18287,43,3,1837.28,7.516585630812605,1.3862943611198906,0
